period,customer_id,contract_id,legal_entity,currency,opening_deferred_revenue,billings,recognized_revenue,adjustments,fx_impact,closing_deferred_revenue
2025-09,CUST-0002,CTR-00003,Acme US Inc,USD,0.0,0.0,2875.0,0.0,0.0,-2875.0
2025-10,CUST-0002,CTR-00003,Acme US Inc,USD,-2875.0,8625.0,2875.0,0.0,0.0,2875.0
2025-11,CUST-0002,CTR-00003,Acme US Inc,USD,2875.0,0.0,2875.0,0.0,0.0,0.0
2025-12,CUST-0002,CTR-00003,Acme US Inc,USD,0.0,0.0,2875.0,0.0,0.0,-2875.0
2026-01,CUST-0002,CTR-00003,Acme US Inc,USD,-2875.0,6900.0,2300.0,0.0,0.0,1725.0
2026-02,CUST-0002,CTR-00003,Acme US Inc,USD,1725.0,0.0,2300.0,0.0,0.0,-575.0
2026-03,CUST-0002,CTR-00003,Acme US Inc,USD,-575.0,0.0,2300.0,0.0,0.0,-2875.0
2026-04,CUST-0002,CTR-00003,Acme US Inc,USD,-2875.0,13800.0,4600.0,0.0,0.0,6325.0
2026-05,CUST-0002,CTR-00003,Acme US Inc,USD,6325.0,0.0,4600.0,0.0,0.0,1725.0
2025-07,CUST-0002,CTR-00004,Acme US Inc,USD,0.0,2508.33,2508.33,0.0,0.0,3100.0
2025-08,CUST-0002,CTR-00004,Acme US Inc,USD,0.0,2508.33,2508.33,0.0,0.0,0.0
2025-09,CUST-0002,CTR-00004,Acme US Inc,USD,0.0,0.0,2508.33,0.0,0.0,-2508.33
2025-10,CUST-0002,CTR-00004,Acme US Inc,USD,-2508.33,5016.66,2508.33,0.0,0.0,0.0
2025-11,CUST-0002,CTR-00004,Acme US Inc,USD,0.0,2508.33,2508.33,0.0,0.0,0.0
2026-01,CUST-0002,CTR-00004,Acme US Inc,USD,0.0,2508.33,2508.33,0.0,0.0,0.0
2026-02,CUST-0002,CTR-00004,Acme US Inc,USD,0.0,2508.33,2508.33,0.0,0.0,0.0
2026-03,CUST-0002,CTR-00004,Acme US Inc,USD,0.0,2508.33,2508.33,0.0,0.0,0.0
2026-04,CUST-0002,CTR-00004,Acme US Inc,USD,0.0,2508.33,2508.33,0.0,0.0,0.0
2026-05,CUST-0002,CTR-00004,Acme US Inc,USD,0.0,2508.33,2508.33,0.0,0.0,0.0
2025-12,CUST-0003,CTR-00005,Acme EU GmbH,EUR,0.0,7592.59,632.72,0.0,0.0,6959.87
2026-01,CUST-0003,CTR-00005,Acme EU GmbH,EUR,6959.87,0.0,632.72,0.0,0.0,6327.15
2026-02,CUST-0003,CTR-00005,Acme EU GmbH,EUR,6327.15,0.0,632.72,0.0,0.0,5694.43
2026-03,CUST-0003,CTR-00005,Acme EU GmbH,EUR,5694.43,0.0,632.72,0.0,0.0,5061.71
2026-04,CUST-0003,CTR-00005,Acme EU GmbH,EUR,5061.71,7592.59,1265.44,0.0,0.0,11388.86
2026-05,CUST-0003,CTR-00005,Acme EU GmbH,EUR,11388.86,0.0,1265.44,0.0,0.0,10123.42
2026-02,CUST-0003,CTR-00006,Acme EU GmbH,EUR,0.0,1597.22,532.41,0.0,0.0,1064.81
2026-03,CUST-0003,CTR-00006,Acme EU GmbH,EUR,1064.81,0.0,532.41,0.0,0.0,532.4
2026-04,CUST-0003,CTR-00006,Acme EU GmbH,EUR,532.4,1597.22,1064.82,0.0,0.0,1064.8
2026-05,CUST-0003,CTR-00006,Acme EU GmbH,EUR,1064.8,1597.22,1064.82,0.0,0.0,1597.2
2025-11,CUST-0004,CTR-00007,Acme US Inc,USD,0.0,27772.14,27772.14,0.0,0.0,0.0
2025-12,CUST-0004,CTR-00007,Acme US Inc,USD,0.0,29063.06,29063.06,0.0,0.0,0.0
2026-01,CUST-0004,CTR-00007,Acme US Inc,USD,0.0,0.0,30196.04,0.0,0.0,-30196.04
2026-02,CUST-0004,CTR-00007,Acme US Inc,USD,-30196.04,50902.42,20706.38,0.0,0.0,-0.0
2026-04,CUST-0004,CTR-00007,Acme US Inc,USD,0.0,17794.04,17794.04,0.0,0.0,0.0
2026-05,CUST-0004,CTR-00007,Acme US Inc,USD,0.0,20756.55,20756.55,0.0,0.0,0.0
2025-08,CUST-0004,CTR-00009,Acme US Inc,USD,0.0,443263.57,443263.57,0.0,0.0,0.0
2025-08,CUST-0005,CTR-00012,Acme US Inc,USD,0.0,79900.0,79900.0,0.0,0.0,0.0
2025-07,CUST-0006,CTR-00014,Acme US Inc,USD,0.0,16400.0,16400.0,0.0,0.0,0.0
2025-06,CUST-0007,CTR-00015,Acme US Inc,USD,0.0,3801.34,3801.34,0.0,0.0,0.0
2025-07,CUST-0007,CTR-00015,Acme US Inc,USD,0.0,3925.03,3925.03,0.0,0.0,0.0
2025-08,CUST-0007,CTR-00015,Acme US Inc,USD,0.0,3525.66,3525.66,0.0,0.0,0.0
2025-09,CUST-0007,CTR-00015,Acme US Inc,USD,0.0,5299.38,5299.38,0.0,0.0,0.0
2025-10,CUST-0007,CTR-00015,Acme US Inc,USD,0.0,3917.68,3917.68,0.0,0.0,0.0
2025-11,CUST-0007,CTR-00015,Acme US Inc,USD,0.0,3176.3,3176.3,0.0,0.0,0.0
2026-01,CUST-0007,CTR-00015,Acme US Inc,USD,0.0,0.0,4312.84,0.0,0.0,-4312.84
2026-02,CUST-0007,CTR-00015,Acme US Inc,USD,-4312.84,8486.6,4173.76,0.0,0.0,0.0
2026-03,CUST-0007,CTR-00015,Acme US Inc,USD,0.0,5127.21,5127.21,0.0,0.0,0.0
2026-04,CUST-0007,CTR-00015,Acme US Inc,USD,0.0,3958.62,3958.62,0.0,0.0,0.0
2026-05,CUST-0007,CTR-00015,Acme US Inc,USD,0.0,4697.7,4697.7,0.0,0.0,0.0
2025-05,CUST-0007,CTR-00016,Acme US Inc,USD,0.0,17803.15,17803.15,0.0,0.0,1500.0
2025-06,CUST-0007,CTR-00016,Acme US Inc,USD,0.0,14712.17,14712.17,0.0,0.0,0.0
2025-07,CUST-0007,CTR-00016,Acme US Inc,USD,0.0,15506.35,15506.35,0.0,0.0,0.0
2025-10,CUST-0007,CTR-00016,Acme US Inc,USD,0.0,26234.78,26234.78,0.0,0.0,0.0
2025-11,CUST-0007,CTR-00016,Acme US Inc,USD,0.0,15690.22,15690.22,0.0,0.0,0.0
2025-12,CUST-0007,CTR-00016,Acme US Inc,USD,0.0,13065.82,13065.82,0.0,0.0,0.0
2026-01,CUST-0007,CTR-00016,Acme US Inc,USD,0.0,14087.55,14087.55,0.0,0.0,0.0
2026-02,CUST-0007,CTR-00016,Acme US Inc,USD,0.0,18784.5,18784.5,0.0,0.0,0.0
2026-03,CUST-0007,CTR-00016,Acme US Inc,USD,0.0,0.0,14012.83,0.0,0.0,-14012.83
2026-04,CUST-0007,CTR-00016,Acme US Inc,USD,-14012.83,32482.51,18469.68,0.0,0.0,0.0
2025-08,CUST-0008,CTR-00017,Acme EU GmbH,EUR,0.0,76481.48,76481.48,0.0,0.0,0.0
2026-03,CUST-0009,CTR-00018,Acme EU GmbH,EUR,0.0,730845.75,730845.75,0.0,0.0,0.0
2025-07,CUST-0010,CTR-00021,Acme US Inc,USD,0.0,7675.0,2558.33,0.0,0.0,5116.67
2025-08,CUST-0010,CTR-00021,Acme US Inc,USD,5116.67,0.0,2558.33,0.0,0.0,2558.34
2025-09,CUST-0010,CTR-00021,Acme US Inc,USD,2558.34,0.0,2558.33,0.0,0.0,0.01
2025-10,CUST-0010,CTR-00021,Acme US Inc,USD,0.01,7675.0,2558.33,0.0,0.0,5116.68
2025-11,CUST-0010,CTR-00021,Acme US Inc,USD,5116.68,0.0,2558.33,0.0,0.0,2558.35
2025-12,CUST-0010,CTR-00021,Acme US Inc,USD,2558.35,0.0,2558.33,0.0,0.0,0.02
2026-01,CUST-0010,CTR-00021,Acme US Inc,USD,0.02,7675.0,2558.33,0.0,0.0,5116.69
2026-02,CUST-0010,CTR-00021,Acme US Inc,USD,5116.69,0.0,2558.33,0.0,0.0,2558.36
2026-03,CUST-0010,CTR-00021,Acme US Inc,USD,2558.36,0.0,2558.33,0.0,0.0,0.03
2026-04,CUST-0010,CTR-00021,Acme US Inc,USD,0.03,8826.25,2942.08,0.0,0.0,5884.2
2026-05,CUST-0010,CTR-00021,Acme US Inc,USD,5884.2,0.0,2942.08,0.0,0.0,2942.12
2025-07,CUST-0011,CTR-00023,Acme UK Ltd,GBP,0.0,201574.8,201574.8,0.0,0.0,0.0
2025-08,CUST-0012,CTR-00024,Acme US Inc,USD,0.0,5850.0,5850.0,0.0,0.0,0.0
2025-06,CUST-0013,CTR-00027,Acme UK Ltd,GBP,0.0,392125.98,392125.98,0.0,0.0,0.0
2025-07,CUST-0013,CTR-00027,Acme UK Ltd,GBP,0.0,392125.98,392125.98,0.0,0.0,0.0
2025-08,CUST-0013,CTR-00027,Acme UK Ltd,GBP,0.0,392125.98,392125.98,0.0,0.0,0.0
2025-12,CUST-0014,CTR-00028,Acme Argentina SA,ARS,0.0,0.0,6954545.46,0.0,0.0,-6954545.46
2026-01,CUST-0014,CTR-00028,Acme Argentina SA,ARS,-6954545.46,13909090.92,6954545.46,0.0,0.0,0.0
2025-11,CUST-0016,CTR-00030,Acme US Inc,USD,0.0,3097.77,3097.77,0.0,0.0,0.0
2025-12,CUST-0016,CTR-00030,Acme US Inc,USD,0.0,2785.42,2785.42,0.0,0.0,0.0
2026-02,CUST-0016,CTR-00030,Acme US Inc,USD,0.0,2021.5,2021.5,0.0,0.0,0.0
2026-03,CUST-0016,CTR-00030,Acme US Inc,USD,0.0,3519.56,3519.56,0.0,0.0,0.0
2026-04,CUST-0016,CTR-00030,Acme US Inc,USD,0.0,3098.95,3098.95,0.0,0.0,0.0
2026-05,CUST-0016,CTR-00030,Acme US Inc,USD,0.0,2945.2,2945.2,0.0,0.0,0.0
2025-09,CUST-0016,CTR-00031,Acme US Inc,USD,0.0,1614.88,1614.88,0.0,0.0,0.0
2025-10,CUST-0016,CTR-00031,Acme US Inc,USD,0.0,1448.01,1448.01,0.0,0.0,0.0
2025-11,CUST-0016,CTR-00031,Acme US Inc,USD,0.0,1876.69,1876.69,0.0,0.0,0.0
2025-12,CUST-0016,CTR-00031,Acme US Inc,USD,0.0,1793.51,1793.51,0.0,0.0,0.0
2026-02,CUST-0016,CTR-00031,Acme US Inc,USD,0.0,1750.43,1750.43,0.0,0.0,1500.0
2026-03,CUST-0016,CTR-00031,Acme US Inc,USD,0.0,0.0,1911.72,0.0,0.0,-1911.72
2026-04,CUST-0016,CTR-00031,Acme US Inc,USD,-1911.72,3141.64,1229.92,0.0,0.0,-0.0
2026-05,CUST-0016,CTR-00031,Acme US Inc,USD,-0.0,1351.26,1351.26,0.0,0.0,0.0
2025-08,CUST-0016,CTR-00032,Acme US Inc,USD,0.0,4500.0,4500.0,0.0,0.0,0.0
2025-06,CUST-0016,CTR-00033,Acme US Inc,USD,0.0,581.21,581.21,0.0,0.0,0.0
2025-07,CUST-0016,CTR-00033,Acme US Inc,USD,0.0,603.66,603.66,0.0,0.0,0.0
2025-08,CUST-0016,CTR-00033,Acme US Inc,USD,0.0,1199.24,1199.24,0.0,0.0,0.0
2025-10,CUST-0016,CTR-00033,Acme US Inc,USD,0.0,540.68,540.68,0.0,0.0,0.0
2025-12,CUST-0016,CTR-00033,Acme US Inc,USD,0.0,659.77,659.77,0.0,0.0,0.0
2026-01,CUST-0016,CTR-00033,Acme US Inc,USD,0.0,544.77,544.77,0.0,0.0,0.0
2026-02,CUST-0016,CTR-00033,Acme US Inc,USD,0.0,429.8,429.8,0.0,0.0,0.0
2026-03,CUST-0016,CTR-00033,Acme US Inc,USD,0.0,696.18,696.18,0.0,0.0,0.0
2026-04,CUST-0016,CTR-00033,Acme US Inc,USD,0.0,534.66,534.66,0.0,0.0,0.0
2026-05,CUST-0016,CTR-00033,Acme US Inc,USD,0.0,0.0,711.17,0.0,0.0,-711.17
2026-05,CUST-0018,CTR-00035,Acme US Inc,USD,0.0,99000.0,99000.0,0.0,0.0,0.0
2025-10,CUST-0020,CTR-00038,Acme Argentina SA,ARS,0.0,58572727.27,58572727.27,0.0,0.0,0.0
2026-01,CUST-0020,CTR-00039,Acme Argentina SA,ARS,0.0,12584029.46,12584029.46,0.0,0.0,0.0
2026-02,CUST-0020,CTR-00039,Acme Argentina SA,ARS,0.0,14053441.95,14053441.95,0.0,0.0,0.0
2026-03,CUST-0020,CTR-00039,Acme Argentina SA,ARS,0.0,12072804.78,12072804.78,0.0,0.0,0.0
2026-04,CUST-0020,CTR-00039,Acme Argentina SA,ARS,0.0,12979277.43,12979277.43,0.0,0.0,0.0
2026-05,CUST-0020,CTR-00039,Acme Argentina SA,ARS,0.0,9691362.96,9691362.96,0.0,0.0,0.0
2025-09,CUST-0021,CTR-00041,Acme EU GmbH,EUR,0.0,185493.83,370987.66,0.0,0.0,-185493.83
2025-10,CUST-0021,CTR-00041,Acme EU GmbH,EUR,-185493.83,185493.83,185493.83,0.0,0.0,-185493.83
2025-11,CUST-0021,CTR-00041,Acme EU GmbH,EUR,-185493.83,185493.83,185493.83,0.0,0.0,-185493.83
2025-12,CUST-0021,CTR-00041,Acme EU GmbH,EUR,-185493.83,185493.83,185493.83,0.0,0.0,-185493.83
2026-01,CUST-0021,CTR-00041,Acme EU GmbH,EUR,-185493.83,185493.83,185493.83,0.0,0.0,-185493.83
2026-02,CUST-0021,CTR-00041,Acme EU GmbH,EUR,-185493.83,0.0,185493.83,0.0,0.0,-370987.66
2026-03,CUST-0021,CTR-00041,Acme EU GmbH,EUR,-370987.66,370987.66,185493.83,0.0,0.0,-185493.83
2026-04,CUST-0021,CTR-00041,Acme EU GmbH,EUR,-185493.83,185493.83,185493.83,0.0,0.0,-185493.83
2026-05,CUST-0021,CTR-00041,Acme EU GmbH,EUR,-185493.83,0.0,0.0,0.0,0.0,-185493.83
2026-05,CUST-0021,CTR-00042,Acme EU GmbH,EUR,0.0,344660.49,344660.49,0.0,0.0,0.0
2026-01,CUST-0022,CTR-00043,Acme US Inc,USD,0.0,5150.0,1716.67,0.0,0.0,3433.33
2026-02,CUST-0022,CTR-00043,Acme US Inc,USD,3433.33,0.0,1716.67,0.0,0.0,1716.66
2026-03,CUST-0022,CTR-00043,Acme US Inc,USD,1716.66,0.0,1716.67,0.0,0.0,-0.01
2026-04,CUST-0022,CTR-00043,Acme US Inc,USD,-0.01,5150.0,1716.67,0.0,0.0,3433.32
2026-05,CUST-0022,CTR-00043,Acme US Inc,USD,3433.32,0.0,1716.67,0.0,0.0,1716.65
2026-05,CUST-0023,CTR-00044,Acme US Inc,USD,0.0,977.5,977.5,0.0,0.0,0.0
2025-07,CUST-0023,CTR-00046,Acme US Inc,USD,0.0,2519.5,2519.5,0.0,0.0,0.0
2025-08,CUST-0023,CTR-00046,Acme US Inc,USD,0.0,3165.59,3165.59,0.0,0.0,0.0
2025-09,CUST-0023,CTR-00046,Acme US Inc,USD,0.0,2520.61,2520.61,0.0,0.0,1500.0
2025-10,CUST-0023,CTR-00046,Acme US Inc,USD,0.0,3399.93,3399.93,0.0,0.0,0.0
2025-11,CUST-0023,CTR-00046,Acme US Inc,USD,0.0,4197.5,4197.5,0.0,0.0,0.0
2025-12,CUST-0023,CTR-00046,Acme US Inc,USD,0.0,4125.8,4125.8,0.0,0.0,0.0
2026-01,CUST-0023,CTR-00046,Acme US Inc,USD,0.0,0.0,4213.93,0.0,0.0,-4213.93
2026-02,CUST-0023,CTR-00046,Acme US Inc,USD,-4213.93,7053.22,2839.29,0.0,0.0,0.0
2026-03,CUST-0023,CTR-00046,Acme US Inc,USD,0.0,2680.15,2680.15,0.0,0.0,0.0
2026-04,CUST-0023,CTR-00046,Acme US Inc,USD,0.0,3088.62,3088.62,0.0,0.0,0.0
2026-05,CUST-0023,CTR-00046,Acme US Inc,USD,0.0,5040.78,5040.78,0.0,0.0,0.0
2026-05,CUST-0024,CTR-00047,Acme US Inc,USD,0.0,5500.0,5500.0,0.0,0.0,0.0
2026-01,CUST-0024,CTR-00048,Acme US Inc,USD,0.0,1891.67,1891.67,0.0,0.0,0.0
2026-02,CUST-0024,CTR-00048,Acme US Inc,USD,0.0,1891.67,1891.67,0.0,0.0,0.0
2026-03,CUST-0024,CTR-00048,Acme US Inc,USD,0.0,1891.67,1891.67,0.0,0.0,0.0
2026-04,CUST-0024,CTR-00048,Acme US Inc,USD,0.0,1891.67,1891.67,0.0,0.0,0.0
2026-05,CUST-0024,CTR-00048,Acme US Inc,USD,0.0,1607.92,1607.92,0.0,0.0,0.0
2026-04,CUST-0025,CTR-00049,Acme US Inc,USD,0.0,473000.0,473000.0,0.0,0.0,0.0
2026-04,CUST-0025,CTR-00050,Acme US Inc,USD,0.0,187950.0,187950.0,0.0,0.0,0.0
2026-05,CUST-0025,CTR-00050,Acme US Inc,USD,0.0,187950.0,187950.0,0.0,0.0,0.0
2025-02,CUST-0025,CTR-00051,Acme US Inc,USD,0.0,155200.0,155200.0,0.0,0.0,0.0
2026-04,CUST-0025,CTR-00051,Acme US Inc,USD,0.0,103466.67,103466.67,0.0,0.0,0.0
2026-05,CUST-0025,CTR-00051,Acme US Inc,USD,0.0,103466.67,103466.67,0.0,0.0,0.0
2026-04,CUST-0025,CTR-00052,Acme US Inc,USD,0.0,37991.67,37991.67,0.0,0.0,0.0
2026-05,CUST-0025,CTR-00052,Acme US Inc,USD,0.0,37991.67,37991.67,0.0,0.0,0.0
2025-08,CUST-0026,CTR-00053,Acme EU GmbH,EUR,0.0,80000.0,80000.0,0.0,0.0,0.0
2026-02,CUST-0026,CTR-00055,Acme EU GmbH,EUR,0.0,0.0,20092.59,0.0,0.0,-20092.59
2026-03,CUST-0026,CTR-00055,Acme EU GmbH,EUR,-20092.59,40185.18,20092.59,0.0,0.0,0.0
2026-04,CUST-0026,CTR-00055,Acme EU GmbH,EUR,0.0,20092.59,20092.59,0.0,0.0,0.0
2025-10,CUST-0027,CTR-00057,Acme US Inc,USD,0.0,74400.0,74400.0,0.0,0.0,0.0
2025-04,CUST-0027,CTR-00058,Acme US Inc,USD,0.0,63300.0,63300.0,0.0,0.0,0.0
2025-04,CUST-0027,CTR-00059,Acme US Inc,USD,0.0,37650.0,37650.0,0.0,0.0,0.0
2025-05,CUST-0027,CTR-00059,Acme US Inc,USD,0.0,37650.0,37650.0,0.0,0.0,0.0
2026-03,CUST-0027,CTR-00060,Acme US Inc,USD,0.0,17511.01,17511.01,0.0,0.0,0.0
2026-03,CUST-0028,CTR-00061,Acme US Inc,USD,0.0,253500.0,253500.0,0.0,0.0,0.0
2026-04,CUST-0028,CTR-00061,Acme US Inc,USD,0.0,253500.0,253500.0,0.0,0.0,0.0
2025-08,CUST-0028,CTR-00062,Acme US Inc,USD,0.0,275200.0,275200.0,0.0,0.0,0.0
2026-02,CUST-0029,CTR-00065,Acme US Inc,USD,0.0,12191.67,12191.67,0.0,0.0,0.0
2026-03,CUST-0029,CTR-00065,Acme US Inc,USD,0.0,12191.67,12191.67,0.0,0.0,0.0
2026-04,CUST-0029,CTR-00065,Acme US Inc,USD,0.0,0.0,12191.67,0.0,0.0,-12191.67
2026-05,CUST-0029,CTR-00065,Acme US Inc,USD,-12191.67,26212.09,14020.42,0.0,0.0,0.0
2026-04,CUST-0030,CTR-00067,Acme US Inc,USD,0.0,3907.37,3907.37,0.0,0.0,0.0
2026-05,CUST-0030,CTR-00067,Acme US Inc,USD,0.0,3005.1,3005.1,0.0,0.0,1500.0
2026-03,CUST-0031,CTR-00068,Acme Mexico SA,MXN,0.0,173594.77,173594.77,0.0,0.0,0.0
2026-02,CUST-0031,CTR-00069,Acme Mexico SA,MXN,0.0,1391379.31,115948.28,0.0,0.0,1275431.03
2026-03,CUST-0031,CTR-00069,Acme Mexico SA,MXN,1275431.03,0.0,115948.28,0.0,0.0,1159482.75
2026-04,CUST-0031,CTR-00069,Acme Mexico SA,MXN,1159482.75,0.0,115948.28,0.0,0.0,1043534.47
2026-05,CUST-0031,CTR-00069,Acme Mexico SA,MXN,1043534.47,0.0,115948.28,0.0,0.0,927586.19
2025-10,CUST-0031,CTR-00070,Acme Mexico SA,MXN,0.0,1138793.1,1138793.1,0.0,0.0,0.0
2025-11,CUST-0031,CTR-00070,Acme Mexico SA,MXN,0.0,1138793.1,1138793.1,0.0,0.0,0.0
2026-01,CUST-0032,CTR-00072,Acme Brasil Ltda,BRL,0.0,340000.0,113333.33,0.0,0.0,226666.67
2026-02,CUST-0032,CTR-00072,Acme Brasil Ltda,BRL,226666.67,0.0,113333.33,0.0,0.0,113333.34
2026-03,CUST-0032,CTR-00072,Acme Brasil Ltda,BRL,113333.34,0.0,226666.66,0.0,0.0,-113333.32
2026-04,CUST-0032,CTR-00072,Acme Brasil Ltda,BRL,-113333.32,340000.0,113333.33,0.0,0.0,113333.35
2026-05,CUST-0032,CTR-00072,Acme Brasil Ltda,BRL,113333.35,0.0,113333.33,0.0,0.0,0.02
2026-03,CUST-0033,CTR-00074,Acme US Inc,USD,0.0,2325.54,2325.54,0.0,0.0,0.0
2026-04,CUST-0033,CTR-00074,Acme US Inc,USD,0.0,2861.11,2861.11,0.0,0.0,0.0
2026-05,CUST-0033,CTR-00074,Acme US Inc,USD,0.0,3355.56,3355.56,0.0,0.0,0.0
2026-01,CUST-0033,CTR-00075,Acme US Inc,USD,0.0,0.0,35451.93,0.0,0.0,-35451.93
2026-02,CUST-0033,CTR-00075,Acme US Inc,USD,-35451.93,35451.93,0.0,0.0,0.0,0.0
2026-04,CUST-0034,CTR-00077,Acme EU GmbH,EUR,0.0,3518.52,3518.52,0.0,0.0,0.0
2026-05,CUST-0034,CTR-00077,Acme EU GmbH,EUR,0.0,7037.04,7037.04,0.0,0.0,0.0
2025-09,CUST-0036,CTR-00079,Acme US Inc,USD,0.0,340300.0,340300.0,0.0,0.0,0.0
2025-02,CUST-0036,CTR-00080,Acme US Inc,USD,0.0,196300.0,196300.0,0.0,0.0,0.0
2025-03,CUST-0036,CTR-00080,Acme US Inc,USD,0.0,166855.0,166855.0,0.0,0.0,0.0
2025-04,CUST-0036,CTR-00080,Acme US Inc,USD,0.0,196300.0,196300.0,0.0,0.0,0.0
2026-01,CUST-0036,CTR-00081,Acme US Inc,USD,0.0,232066.67,232066.67,0.0,0.0,0.0
2026-02,CUST-0036,CTR-00081,Acme US Inc,USD,0.0,232066.67,232066.67,0.0,0.0,0.0
2026-03,CUST-0036,CTR-00081,Acme US Inc,USD,0.0,232066.67,232066.67,0.0,0.0,0.0
2026-01,CUST-0037,CTR-00082,Acme US Inc,USD,0.0,7000.0,7000.0,0.0,0.0,0.0
2026-02,CUST-0037,CTR-00083,Acme US Inc,USD,0.0,2466.67,2466.67,0.0,0.0,0.0
2026-03,CUST-0037,CTR-00083,Acme US Inc,USD,0.0,2466.67,2466.67,0.0,0.0,0.0
2026-04,CUST-0037,CTR-00083,Acme US Inc,USD,0.0,0.0,2466.67,0.0,0.0,-2466.67
2026-05,CUST-0037,CTR-00083,Acme US Inc,USD,-2466.67,4933.34,2466.67,0.0,0.0,0.0
2025-03,CUST-0037,CTR-00084,Acme US Inc,USD,0.0,4900.0,4900.0,0.0,0.0,0.0
2025-06,CUST-0038,CTR-00085,Acme EU GmbH,EUR,0.0,679.01,679.01,0.0,0.0,0.0
2025-08,CUST-0038,CTR-00085,Acme EU GmbH,EUR,0.0,679.01,679.01,0.0,0.0,0.0
2025-06,CUST-0038,CTR-00086,Acme EU GmbH,EUR,0.0,3611.11,3611.11,0.0,0.0,0.0
2025-07,CUST-0038,CTR-00086,Acme EU GmbH,EUR,0.0,3611.11,3611.11,0.0,0.0,0.0
2026-04,CUST-0038,CTR-00088,Acme EU GmbH,EUR,0.0,2106.48,2106.48,0.0,0.0,0.0
2026-05,CUST-0038,CTR-00088,Acme EU GmbH,EUR,0.0,2106.48,2106.48,0.0,0.0,0.0
2026-05,CUST-0039,CTR-00089,Acme US Inc,USD,0.0,236095.0,78698.33,0.0,0.0,157396.67
2026-05,CUST-0042,CTR-00093,Acme UK Ltd,GBP,0.0,6365.73,6365.73,0.0,0.0,1500.0
2026-01,CUST-0043,CTR-00094,Acme EU GmbH,EUR,0.0,2913425.93,242785.49,0.0,0.0,2670640.44
2026-02,CUST-0043,CTR-00094,Acme EU GmbH,EUR,2670640.44,0.0,242785.49,0.0,0.0,2427854.95
2026-03,CUST-0043,CTR-00094,Acme EU GmbH,EUR,2427854.95,0.0,242785.49,0.0,0.0,2185069.46
2026-04,CUST-0043,CTR-00094,Acme EU GmbH,EUR,2185069.46,0.0,242785.49,0.0,0.0,1942283.97
2026-05,CUST-0043,CTR-00094,Acme EU GmbH,EUR,1942283.97,0.0,242785.49,0.0,0.0,1699498.48
2025-07,CUST-0043,CTR-00095,Acme EU GmbH,EUR,0.0,420972.22,420972.22,0.0,0.0,0.0
2025-08,CUST-0043,CTR-00095,Acme EU GmbH,EUR,0.0,0.0,420972.22,0.0,0.0,-420972.22
2025-09,CUST-0043,CTR-00095,Acme EU GmbH,EUR,-420972.22,420972.22,0.0,0.0,0.0,0.0
2025-11,CUST-0044,CTR-00097,Acme US Inc,USD,0.0,112400.0,9366.67,0.0,0.0,103033.33
2025-12,CUST-0044,CTR-00097,Acme US Inc,USD,103033.33,0.0,9366.67,0.0,0.0,93666.66
2026-01,CUST-0044,CTR-00097,Acme US Inc,USD,93666.66,0.0,9366.67,0.0,0.0,84299.99
2026-02,CUST-0044,CTR-00097,Acme US Inc,USD,84299.99,0.0,9366.67,0.0,0.0,74933.32
2026-03,CUST-0044,CTR-00097,Acme US Inc,USD,74933.32,0.0,9366.67,0.0,0.0,65566.65
2026-04,CUST-0044,CTR-00097,Acme US Inc,USD,65566.65,0.0,9366.67,0.0,0.0,56199.98
2026-05,CUST-0044,CTR-00097,Acme US Inc,USD,56199.98,0.0,9366.67,0.0,0.0,46833.31
2025-08,CUST-0045,CTR-00099,Acme US Inc,USD,0.0,22700.0,22700.0,0.0,0.0,0.0
2025-08,CUST-0045,CTR-00101,Acme US Inc,USD,0.0,20900.0,1741.67,0.0,0.0,19158.33
2025-09,CUST-0045,CTR-00101,Acme US Inc,USD,19158.33,0.0,1741.67,0.0,0.0,17416.66
2025-10,CUST-0045,CTR-00101,Acme US Inc,USD,17416.66,0.0,1741.67,0.0,0.0,15674.99
2025-11,CUST-0045,CTR-00101,Acme US Inc,USD,15674.99,0.0,1741.67,0.0,0.0,13933.32
2025-12,CUST-0045,CTR-00101,Acme US Inc,USD,13933.32,0.0,1741.67,0.0,0.0,12191.65
2026-01,CUST-0045,CTR-00101,Acme US Inc,USD,12191.65,0.0,1741.67,0.0,0.0,10449.98
2026-02,CUST-0045,CTR-00101,Acme US Inc,USD,10449.98,0.0,1741.67,0.0,0.0,8708.31
2026-03,CUST-0045,CTR-00101,Acme US Inc,USD,8708.31,0.0,1741.67,0.0,0.0,6966.64
2026-04,CUST-0045,CTR-00101,Acme US Inc,USD,6966.64,0.0,1741.67,0.0,0.0,5224.97
2026-05,CUST-0045,CTR-00101,Acme US Inc,USD,5224.97,0.0,1741.67,0.0,0.0,3483.3
2026-02,CUST-0047,CTR-00102,Acme UK Ltd,GBP,0.0,2375.33,2375.33,0.0,0.0,0.0
2026-03,CUST-0047,CTR-00102,Acme UK Ltd,GBP,0.0,2375.33,2375.33,0.0,0.0,0.0
2026-04,CUST-0047,CTR-00102,Acme UK Ltd,GBP,0.0,2375.33,2375.33,0.0,0.0,0.0
2026-05,CUST-0047,CTR-00102,Acme UK Ltd,GBP,0.0,2375.33,4750.66,0.0,0.0,-2375.33
2026-05,CUST-0047,CTR-00103,Acme UK Ltd,GBP,0.0,1082.68,360.89,0.0,0.0,721.79
2025-07,CUST-0047,CTR-00104,Acme UK Ltd,GBP,0.0,6968.51,6968.51,0.0,0.0,0.0
2025-08,CUST-0047,CTR-00104,Acme UK Ltd,GBP,0.0,6968.51,6968.51,0.0,0.0,0.0
2026-02,CUST-0048,CTR-00107,Acme EU GmbH,EUR,0.0,20972.22,20972.22,0.0,0.0,0.0
2026-03,CUST-0048,CTR-00107,Acme EU GmbH,EUR,0.0,20972.22,20972.22,0.0,0.0,0.0
2026-02,CUST-0049,CTR-00108,Acme US Inc,USD,0.0,0.0,56798.19,0.0,0.0,-56798.19
2026-03,CUST-0049,CTR-00108,Acme US Inc,USD,-56798.19,56798.19,0.0,0.0,0.0,0.0
2026-05,CUST-0049,CTR-00108,Acme US Inc,USD,0.0,20292.7,20292.7,0.0,0.0,0.0
2026-05,CUST-0050,CTR-00109,Acme Brasil Ltda,BRL,0.0,248875.0,82958.33,0.0,0.0,165916.67
2025-07,CUST-0050,CTR-00110,Acme Brasil Ltda,BRL,0.0,442625.0,147541.67,0.0,0.0,295083.33
2025-08,CUST-0050,CTR-00110,Acme Brasil Ltda,BRL,295083.33,0.0,147541.67,0.0,0.0,147541.66
2025-09,CUST-0050,CTR-00110,Acme Brasil Ltda,BRL,147541.66,0.0,147541.67,0.0,0.0,-0.01
2025-10,CUST-0050,CTR-00110,Acme Brasil Ltda,BRL,-0.01,442625.0,147541.67,0.0,0.0,295083.32
2025-11,CUST-0050,CTR-00110,Acme Brasil Ltda,BRL,295083.32,0.0,147541.67,0.0,0.0,147541.65
2025-12,CUST-0050,CTR-00110,Acme Brasil Ltda,BRL,147541.65,0.0,147541.67,0.0,0.0,-0.02
2026-01,CUST-0050,CTR-00110,Acme Brasil Ltda,BRL,-0.02,442625.0,147541.67,0.0,0.0,295083.31
2026-02,CUST-0050,CTR-00110,Acme Brasil Ltda,BRL,295083.31,0.0,147541.67,0.0,0.0,147541.64
2026-03,CUST-0050,CTR-00110,Acme Brasil Ltda,BRL,147541.64,0.0,147541.67,0.0,0.0,-0.03
2026-04,CUST-0050,CTR-00110,Acme Brasil Ltda,BRL,-0.03,442625.0,147541.67,0.0,0.0,295083.3
2026-05,CUST-0050,CTR-00110,Acme Brasil Ltda,BRL,295083.3,0.0,147541.67,0.0,0.0,147541.63
2025-09,CUST-0050,CTR-00111,Acme Brasil Ltda,BRL,0.0,635500.0,635500.0,0.0,0.0,0.0
2026-03,CUST-0051,CTR-00113,Acme US Inc,USD,0.0,1800.0,1800.0,0.0,0.0,0.0
2026-04,CUST-0051,CTR-00113,Acme US Inc,USD,0.0,1800.0,1800.0,0.0,0.0,0.0
2026-05,CUST-0051,CTR-00113,Acme US Inc,USD,0.0,1800.0,1800.0,0.0,0.0,0.0
2026-04,CUST-0051,CTR-00115,Acme US Inc,USD,0.0,0.0,3250.0,0.0,0.0,-3250.0
2026-05,CUST-0051,CTR-00115,Acme US Inc,USD,-3250.0,39000.0,3250.0,0.0,0.0,32500.0
2026-03,CUST-0052,CTR-00116,Acme US Inc,USD,0.0,14400.0,14400.0,0.0,0.0,0.0
2025-04,CUST-0052,CTR-00118,Acme US Inc,USD,0.0,0.0,1241.67,0.0,0.0,-1241.67
2025-05,CUST-0052,CTR-00118,Acme US Inc,USD,-1241.67,2483.34,1241.67,0.0,0.0,0.0
2025-06,CUST-0052,CTR-00118,Acme US Inc,USD,0.0,1241.67,1241.67,0.0,0.0,0.0
2025-07,CUST-0052,CTR-00118,Acme US Inc,USD,0.0,1241.67,1241.67,0.0,0.0,0.0
2025-08,CUST-0052,CTR-00118,Acme US Inc,USD,0.0,1427.92,1427.92,0.0,0.0,0.0
2025-09,CUST-0052,CTR-00118,Acme US Inc,USD,0.0,1241.67,1241.67,0.0,0.0,0.0
2025-10,CUST-0052,CTR-00118,Acme US Inc,USD,0.0,1241.67,1241.67,0.0,0.0,0.0
2025-11,CUST-0052,CTR-00118,Acme US Inc,USD,0.0,1241.67,1241.67,0.0,0.0,0.0
2025-12,CUST-0052,CTR-00118,Acme US Inc,USD,0.0,1241.67,1241.67,0.0,0.0,0.0
2026-01,CUST-0052,CTR-00118,Acme US Inc,USD,0.0,1241.67,1241.67,0.0,0.0,0.0
2026-02,CUST-0052,CTR-00118,Acme US Inc,USD,0.0,1241.67,1241.67,0.0,0.0,0.0
2026-03,CUST-0052,CTR-00118,Acme US Inc,USD,0.0,1241.67,1241.67,0.0,0.0,0.0
2026-04,CUST-0052,CTR-00118,Acme US Inc,USD,0.0,1241.67,1241.67,0.0,0.0,0.0
2026-05,CUST-0052,CTR-00118,Acme US Inc,USD,0.0,0.0,1241.67,0.0,0.0,-1241.67
2025-10,CUST-0053,CTR-00120,Acme UK Ltd,GBP,0.0,75170.6,75170.6,0.0,0.0,0.0
2025-11,CUST-0053,CTR-00120,Acme UK Ltd,GBP,0.0,75170.6,75170.6,0.0,0.0,0.0
2025-12,CUST-0053,CTR-00120,Acme UK Ltd,GBP,0.0,75170.6,75170.6,0.0,0.0,0.0
2025-05,CUST-0054,CTR-00122,Acme US Inc,USD,0.0,318000.0,318000.0,0.0,0.0,0.0
2025-05,CUST-0054,CTR-00123,Acme US Inc,USD,0.0,191100.0,191100.0,0.0,0.0,0.0
2026-01,CUST-0055,CTR-00124,Acme EU GmbH,EUR,0.0,42499.19,42499.19,0.0,0.0,0.0
2026-04,CUST-0055,CTR-00124,Acme EU GmbH,EUR,0.0,24600.13,24600.13,0.0,0.0,0.0
2026-05,CUST-0055,CTR-00125,Acme EU GmbH,EUR,0.0,5745.37,5745.37,0.0,0.0,0.0
2026-01,CUST-0055,CTR-00127,Acme EU GmbH,EUR,0.0,6926.44,6926.44,0.0,0.0,0.0
2026-02,CUST-0055,CTR-00127,Acme EU GmbH,EUR,0.0,6723.37,6723.37,0.0,0.0,0.0
2026-03,CUST-0055,CTR-00127,Acme EU GmbH,EUR,0.0,7904.4,7904.4,0.0,0.0,0.0
2026-04,CUST-0055,CTR-00127,Acme EU GmbH,EUR,0.0,10481.45,10481.45,0.0,0.0,0.0
2026-05,CUST-0055,CTR-00127,Acme EU GmbH,EUR,0.0,0.0,8068.14,0.0,0.0,-8068.14
2025-05,CUST-0056,CTR-00128,Acme EU GmbH,EUR,0.0,7222.22,601.85,0.0,0.0,6620.37
2025-06,CUST-0056,CTR-00128,Acme EU GmbH,EUR,6620.37,0.0,601.85,0.0,0.0,6018.52
2025-07,CUST-0056,CTR-00128,Acme EU GmbH,EUR,6018.52,0.0,601.85,0.0,0.0,5416.67
2025-08,CUST-0056,CTR-00128,Acme EU GmbH,EUR,5416.67,0.0,601.85,0.0,0.0,4814.82
2025-09,CUST-0056,CTR-00128,Acme EU GmbH,EUR,4814.82,0.0,601.85,0.0,0.0,4212.97
2025-10,CUST-0056,CTR-00128,Acme EU GmbH,EUR,4212.97,0.0,601.85,0.0,0.0,3611.12
2025-11,CUST-0056,CTR-00128,Acme EU GmbH,EUR,3611.12,0.0,601.85,0.0,0.0,3009.27
2025-12,CUST-0056,CTR-00128,Acme EU GmbH,EUR,3009.27,0.0,601.85,0.0,0.0,2407.42
2026-01,CUST-0056,CTR-00128,Acme EU GmbH,EUR,2407.42,0.0,601.85,0.0,0.0,1805.57
2026-02,CUST-0056,CTR-00128,Acme EU GmbH,EUR,1805.57,0.0,601.85,0.0,0.0,1203.72
2026-03,CUST-0056,CTR-00128,Acme EU GmbH,EUR,1203.72,0.0,601.85,0.0,0.0,601.87
2026-04,CUST-0056,CTR-00128,Acme EU GmbH,EUR,601.87,0.0,601.85,0.0,0.0,0.02
2026-05,CUST-0056,CTR-00128,Acme EU GmbH,EUR,0.02,7222.22,601.85,0.0,0.0,6620.39
2026-05,CUST-0056,CTR-00130,Acme EU GmbH,EUR,0.0,22132.81,22132.81,0.0,0.0,0.0
2025-04,CUST-0057,CTR-00132,Acme US Inc,USD,0.0,4900.0,4900.0,0.0,0.0,0.0
2025-05,CUST-0057,CTR-00132,Acme US Inc,USD,0.0,4900.0,4900.0,0.0,0.0,0.0
2025-04,CUST-0058,CTR-00133,Acme US Inc,USD,0.0,17607.57,17607.57,0.0,0.0,0.0
2025-07,CUST-0058,CTR-00133,Acme US Inc,USD,0.0,18015.97,18015.97,0.0,0.0,0.0
2025-10,CUST-0058,CTR-00133,Acme US Inc,USD,0.0,26203.51,26203.51,0.0,0.0,0.0
2026-01,CUST-0058,CTR-00133,Acme US Inc,USD,0.0,19678.0,19678.0,0.0,0.0,0.0
2026-04,CUST-0058,CTR-00133,Acme US Inc,USD,0.0,23372.0,23372.0,0.0,0.0,0.0
2025-08,CUST-0058,CTR-00134,Acme US Inc,USD,0.0,8425.0,8425.0,0.0,0.0,0.0
2025-09,CUST-0058,CTR-00134,Acme US Inc,USD,0.0,8425.0,8425.0,0.0,0.0,0.0
2025-10,CUST-0058,CTR-00134,Acme US Inc,USD,0.0,0.0,16850.0,0.0,0.0,-16850.0
2025-11,CUST-0058,CTR-00134,Acme US Inc,USD,-16850.0,16850.0,8425.0,0.0,0.0,-8425.0
2025-12,CUST-0058,CTR-00134,Acme US Inc,USD,-8425.0,8425.0,8425.0,0.0,0.0,-8425.0
2026-01,CUST-0058,CTR-00134,Acme US Inc,USD,-8425.0,8425.0,8425.0,0.0,0.0,-8425.0
2026-02,CUST-0058,CTR-00134,Acme US Inc,USD,-8425.0,8425.0,8425.0,0.0,0.0,-8425.0
2026-03,CUST-0058,CTR-00134,Acme US Inc,USD,-8425.0,8425.0,8425.0,0.0,0.0,-8425.0
2026-04,CUST-0058,CTR-00134,Acme US Inc,USD,-8425.0,8425.0,8425.0,0.0,0.0,-8425.0
2026-05,CUST-0058,CTR-00134,Acme US Inc,USD,-8425.0,8425.0,8425.0,0.0,0.0,-8425.0
2026-03,CUST-0059,CTR-00138,Acme UK Ltd,GBP,0.0,212283.46,17690.29,0.0,0.0,194593.17
2026-04,CUST-0059,CTR-00138,Acme UK Ltd,GBP,194593.17,0.0,17690.29,0.0,0.0,176902.88
2026-05,CUST-0059,CTR-00138,Acme UK Ltd,GBP,176902.88,0.0,17690.29,0.0,0.0,159212.59
2025-08,CUST-0059,CTR-00139,Acme UK Ltd,GBP,0.0,252519.69,252519.69,0.0,0.0,0.0
2026-03,CUST-0059,CTR-00140,Acme UK Ltd,GBP,0.0,90078.74,90078.74,0.0,0.0,0.0
2025-03,CUST-0060,CTR-00142,Acme US Inc,USD,0.0,1466.67,1466.67,0.0,0.0,0.0
2025-04,CUST-0060,CTR-00142,Acme US Inc,USD,0.0,1466.67,1466.67,0.0,0.0,0.0
2025-05,CUST-0060,CTR-00142,Acme US Inc,USD,0.0,0.0,1466.67,0.0,0.0,-1466.67
2025-06,CUST-0060,CTR-00142,Acme US Inc,USD,-1466.67,1466.67,0.0,0.0,0.0,0.0
2025-02,CUST-0061,CTR-00143,Acme US Inc,USD,0.0,3900.0,3900.0,0.0,0.0,0.0
2025-03,CUST-0061,CTR-00143,Acme US Inc,USD,0.0,3900.0,3900.0,0.0,0.0,0.0
2026-04,CUST-0062,CTR-00146,Acme US Inc,USD,0.0,79800.0,79800.0,0.0,0.0,0.0
2026-04,CUST-0064,CTR-00149,Acme UK Ltd,GBP,0.0,79055.12,79055.12,0.0,0.0,0.0
2025-06,CUST-0064,CTR-00150,Acme UK Ltd,GBP,0.0,86535.43,86535.43,0.0,0.0,0.0
2025-02,CUST-0065,CTR-00151,Acme US Inc,USD,0.0,179331.02,179331.02,0.0,0.0,0.0
2026-02,CUST-0065,CTR-00151,Acme US Inc,USD,0.0,179654.61,179654.61,0.0,0.0,0.0
2026-04,CUST-0065,CTR-00152,Acme US Inc,USD,0.0,11330.7,11330.7,0.0,0.0,0.0
2026-05,CUST-0065,CTR-00152,Acme US Inc,USD,0.0,8282.16,8282.16,0.0,0.0,0.0
2025-05,CUST-0066,CTR-00154,Acme US Inc,USD,0.0,25300.0,25300.0,0.0,0.0,0.0
2025-04,CUST-0066,CTR-00155,Acme US Inc,USD,0.0,24600.0,24600.0,0.0,0.0,0.0
2025-04,CUST-0066,CTR-00156,Acme US Inc,USD,0.0,6866.67,6866.67,0.0,0.0,0.0
2025-05,CUST-0066,CTR-00156,Acme US Inc,USD,0.0,0.0,6866.67,0.0,0.0,-6866.67
2025-06,CUST-0066,CTR-00156,Acme US Inc,USD,-6866.67,13733.34,6866.67,0.0,0.0,0.0
2025-08,CUST-0067,CTR-00157,Acme US Inc,USD,0.0,2883.33,2883.33,0.0,0.0,0.0
2025-09,CUST-0067,CTR-00157,Acme US Inc,USD,0.0,2883.33,2883.33,0.0,0.0,0.0
2025-10,CUST-0067,CTR-00157,Acme US Inc,USD,0.0,2883.33,2883.33,0.0,0.0,0.0
2025-11,CUST-0067,CTR-00157,Acme US Inc,USD,0.0,2883.33,2883.33,0.0,0.0,0.0
2025-12,CUST-0067,CTR-00157,Acme US Inc,USD,0.0,2883.33,2883.33,0.0,0.0,0.0
2026-01,CUST-0067,CTR-00157,Acme US Inc,USD,0.0,2883.33,2883.33,0.0,0.0,0.0
2026-02,CUST-0067,CTR-00157,Acme US Inc,USD,0.0,2883.33,2883.33,0.0,0.0,0.0
2026-03,CUST-0067,CTR-00157,Acme US Inc,USD,0.0,2883.33,2883.33,0.0,0.0,0.0
2026-04,CUST-0067,CTR-00157,Acme US Inc,USD,0.0,2883.33,2883.33,0.0,0.0,0.0
2026-05,CUST-0067,CTR-00157,Acme US Inc,USD,0.0,2883.33,2883.33,0.0,0.0,0.0
2025-02,CUST-0067,CTR-00158,Acme US Inc,USD,0.0,13100.0,13100.0,0.0,0.0,0.0
2026-04,CUST-0068,CTR-00159,Acme EU GmbH,EUR,0.0,0.0,1118.83,0.0,0.0,-1118.83
2026-05,CUST-0068,CTR-00159,Acme EU GmbH,EUR,-1118.83,13425.93,1118.83,0.0,0.0,11188.27
2026-01,CUST-0069,CTR-00160,Acme US Inc,USD,0.0,61900.0,61900.0,0.0,0.0,0.0
2025-08,CUST-0069,CTR-00161,Acme US Inc,USD,0.0,10450.0,10450.0,0.0,0.0,0.0
2025-09,CUST-0069,CTR-00161,Acme US Inc,USD,0.0,10450.0,10450.0,0.0,0.0,0.0
2025-11,CUST-0070,CTR-00162,Acme Mexico SA,MXN,0.0,1609748.53,1609748.53,0.0,0.0,0.0
2025-12,CUST-0070,CTR-00162,Acme Mexico SA,MXN,0.0,1238919.18,1238919.18,0.0,0.0,0.0
2026-01,CUST-0070,CTR-00162,Acme Mexico SA,MXN,0.0,1087528.75,1087528.75,0.0,0.0,0.0
2026-02,CUST-0070,CTR-00162,Acme Mexico SA,MXN,0.0,1133683.93,1133683.93,0.0,0.0,0.0
2026-03,CUST-0070,CTR-00162,Acme Mexico SA,MXN,0.0,1344983.32,1344983.32,0.0,0.0,0.0
2026-04,CUST-0070,CTR-00162,Acme Mexico SA,MXN,0.0,1224292.92,1224292.92,0.0,0.0,0.0
2026-05,CUST-0070,CTR-00162,Acme Mexico SA,MXN,0.0,1350367.93,1350367.93,0.0,0.0,0.0
2025-08,CUST-0071,CTR-00164,Acme US Inc,USD,0.0,2295.88,2295.88,0.0,0.0,0.0
2025-09,CUST-0071,CTR-00164,Acme US Inc,USD,0.0,1755.13,1755.13,0.0,0.0,0.0
2025-10,CUST-0071,CTR-00164,Acme US Inc,USD,0.0,0.0,1862.96,0.0,0.0,-1862.96
2025-11,CUST-0071,CTR-00164,Acme US Inc,USD,-1862.96,3953.42,2090.46,0.0,0.0,0.0
2025-12,CUST-0071,CTR-00164,Acme US Inc,USD,0.0,2344.82,2344.82,0.0,0.0,0.0
2026-01,CUST-0071,CTR-00164,Acme US Inc,USD,0.0,1552.66,1552.66,0.0,0.0,0.0
2026-02,CUST-0071,CTR-00164,Acme US Inc,USD,0.0,2516.67,2516.67,0.0,0.0,0.0
2026-03,CUST-0071,CTR-00164,Acme US Inc,USD,0.0,2445.21,2445.21,0.0,0.0,0.0
2026-04,CUST-0071,CTR-00164,Acme US Inc,USD,0.0,1642.02,1642.02,0.0,0.0,0.0
2026-05,CUST-0071,CTR-00164,Acme US Inc,USD,0.0,1767.06,1767.06,0.0,0.0,0.0
2025-04,CUST-0071,CTR-00165,Acme US Inc,USD,0.0,2016.67,2016.67,0.0,0.0,0.0
2025-05,CUST-0071,CTR-00165,Acme US Inc,USD,0.0,2016.67,4033.34,0.0,0.0,-2016.67
2025-06,CUST-0071,CTR-00165,Acme US Inc,USD,-2016.67,2016.67,2016.67,0.0,0.0,-2016.67
2025-07,CUST-0071,CTR-00165,Acme US Inc,USD,-2016.67,2016.67,2016.67,0.0,0.0,-2016.67
2025-08,CUST-0071,CTR-00165,Acme US Inc,USD,-2016.67,2016.67,2016.67,0.0,0.0,-2016.67
2025-09,CUST-0071,CTR-00165,Acme US Inc,USD,-2016.67,0.0,2016.67,0.0,0.0,-4033.34
2025-10,CUST-0071,CTR-00165,Acme US Inc,USD,-4033.34,4033.34,2016.67,0.0,0.0,-2016.67
2025-11,CUST-0071,CTR-00165,Acme US Inc,USD,-2016.67,2016.67,2016.67,0.0,0.0,-2016.67
2025-12,CUST-0071,CTR-00165,Acme US Inc,USD,-2016.67,2016.67,2016.67,0.0,0.0,-2016.67
2026-01,CUST-0071,CTR-00165,Acme US Inc,USD,-2016.67,2016.67,2016.67,0.0,0.0,-2016.67
2026-02,CUST-0071,CTR-00165,Acme US Inc,USD,-2016.67,2016.67,2016.67,0.0,0.0,-2016.67
2026-03,CUST-0071,CTR-00165,Acme US Inc,USD,-2016.67,2016.67,2016.67,0.0,0.0,-2016.67
2026-04,CUST-0071,CTR-00165,Acme US Inc,USD,-2016.67,2016.67,2016.67,0.0,0.0,-2016.67
2026-05,CUST-0071,CTR-00165,Acme US Inc,USD,-2016.67,2016.67,2016.67,0.0,0.0,-2016.67
2025-07,CUST-0071,CTR-00166,Acme US Inc,USD,0.0,15400.0,15400.0,0.0,0.0,0.0
2025-05,CUST-0072,CTR-00168,Acme UK Ltd,GBP,0.0,92755.91,92755.91,0.0,0.0,0.0
2026-01,CUST-0073,CTR-00169,Acme Argentina SA,ARS,0.0,9181818.18,9181818.18,0.0,0.0,0.0
2025-03,CUST-0073,CTR-00170,Acme Argentina SA,ARS,0.0,7363636.36,7363636.36,0.0,0.0,0.0
2025-11,CUST-0073,CTR-00171,Acme Argentina SA,ARS,0.0,0.0,4500000.0,0.0,0.0,-4500000.0
2025-12,CUST-0073,CTR-00171,Acme Argentina SA,ARS,-4500000.0,9000000.0,4500000.0,0.0,0.0,0.0
2025-12,CUST-0073,CTR-00172,Acme Argentina SA,ARS,0.0,9454545.45,9454545.45,0.0,0.0,0.0
2026-01,CUST-0075,CTR-00175,Acme Mexico SA,MXN,0.0,638793.1,212931.03,0.0,0.0,425862.07
2026-02,CUST-0075,CTR-00175,Acme Mexico SA,MXN,425862.07,0.0,212931.03,0.0,0.0,212931.04
2026-03,CUST-0075,CTR-00175,Acme Mexico SA,MXN,212931.04,0.0,212931.03,0.0,0.0,0.01
2026-04,CUST-0075,CTR-00175,Acme Mexico SA,MXN,0.01,638793.1,212931.03,0.0,0.0,425862.08
2026-05,CUST-0075,CTR-00175,Acme Mexico SA,MXN,425862.08,0.0,212931.03,0.0,0.0,212931.05
2025-09,CUST-0075,CTR-00177,Acme Mexico SA,MXN,0.0,61781.61,61781.61,0.0,0.0,0.0
2025-10,CUST-0075,CTR-00177,Acme Mexico SA,MXN,0.0,61781.61,61781.61,0.0,0.0,0.0
2025-11,CUST-0075,CTR-00177,Acme Mexico SA,MXN,0.0,61781.61,61781.61,0.0,0.0,0.0
2025-12,CUST-0075,CTR-00177,Acme Mexico SA,MXN,0.0,61781.61,61781.61,0.0,0.0,0.0
2026-01,CUST-0075,CTR-00177,Acme Mexico SA,MXN,0.0,61781.61,61781.61,0.0,0.0,0.0
2026-02,CUST-0075,CTR-00177,Acme Mexico SA,MXN,0.0,61781.61,61781.61,0.0,0.0,0.0
2026-03,CUST-0075,CTR-00177,Acme Mexico SA,MXN,0.0,61781.61,123563.22,0.0,0.0,-61781.61
2026-04,CUST-0075,CTR-00177,Acme Mexico SA,MXN,-61781.61,61781.61,61781.61,0.0,0.0,-61781.61
2026-05,CUST-0075,CTR-00177,Acme Mexico SA,MXN,-61781.61,0.0,61781.61,0.0,0.0,-123563.22
2026-01,CUST-0076,CTR-00179,Acme US Inc,USD,0.0,13608.33,13608.33,0.0,0.0,0.0
2026-02,CUST-0076,CTR-00179,Acme US Inc,USD,0.0,13608.33,13608.33,0.0,0.0,0.0
2026-03,CUST-0076,CTR-00179,Acme US Inc,USD,0.0,13608.33,13608.33,0.0,0.0,0.0
2026-04,CUST-0076,CTR-00179,Acme US Inc,USD,0.0,13608.33,13608.33,0.0,0.0,0.0
2026-05,CUST-0076,CTR-00179,Acme US Inc,USD,0.0,13608.33,13608.33,0.0,0.0,0.0
2026-04,CUST-0078,CTR-00181,Acme Argentina SA,ARS,0.0,2848484.85,2848484.85,0.0,0.0,0.0
2026-05,CUST-0078,CTR-00181,Acme Argentina SA,ARS,0.0,2848484.85,2848484.85,0.0,0.0,0.0
2025-07,CUST-0079,CTR-00183,Acme UK Ltd,GBP,0.0,25780.84,25780.84,0.0,0.0,0.0
2025-08,CUST-0079,CTR-00183,Acme UK Ltd,GBP,0.0,25780.84,25780.84,0.0,0.0,0.0
2025-09,CUST-0079,CTR-00183,Acme UK Ltd,GBP,0.0,25780.84,25780.84,0.0,0.0,0.0
2025-10,CUST-0079,CTR-00183,Acme UK Ltd,GBP,0.0,25780.84,25780.84,0.0,0.0,0.0
2025-11,CUST-0079,CTR-00183,Acme UK Ltd,GBP,0.0,25780.84,25780.84,0.0,0.0,0.0
2025-12,CUST-0079,CTR-00183,Acme UK Ltd,GBP,0.0,0.0,25780.84,0.0,0.0,-25780.84
2026-01,CUST-0079,CTR-00183,Acme UK Ltd,GBP,-25780.84,51561.68,25780.84,0.0,0.0,0.0
2026-02,CUST-0079,CTR-00183,Acme UK Ltd,GBP,0.0,25780.84,25780.84,0.0,0.0,0.0
2026-03,CUST-0079,CTR-00183,Acme UK Ltd,GBP,0.0,25780.84,25780.84,0.0,0.0,0.0
2026-04,CUST-0079,CTR-00183,Acme UK Ltd,GBP,0.0,25780.84,25780.84,0.0,0.0,0.0
2026-05,CUST-0079,CTR-00183,Acme UK Ltd,GBP,0.0,25780.84,25780.84,0.0,0.0,0.0
2025-07,CUST-0079,CTR-00185,Acme UK Ltd,GBP,0.0,135118.11,135118.11,0.0,0.0,0.0
2026-05,CUST-0080,CTR-00187,Acme US Inc,USD,0.0,1539.47,1539.47,0.0,0.0,0.0
2025-10,CUST-0080,CTR-00188,Acme US Inc,USD,0.0,6600.0,6600.0,0.0,0.0,0.0
2026-02,CUST-0081,CTR-00189,Acme EU GmbH,EUR,0.0,8611.11,8611.11,0.0,0.0,0.0
2026-03,CUST-0081,CTR-00189,Acme EU GmbH,EUR,0.0,8611.11,8611.11,0.0,0.0,0.0
2026-01,CUST-0081,CTR-00190,Acme EU GmbH,EUR,0.0,15925.93,15925.93,0.0,0.0,0.0
2025-09,CUST-0081,CTR-00191,Acme EU GmbH,EUR,0.0,15555.56,15555.56,0.0,0.0,0.0
2025-11,CUST-0082,CTR-00193,Acme US Inc,USD,0.0,0.0,482766.66,0.0,0.0,-482766.66
2025-12,CUST-0082,CTR-00193,Acme US Inc,USD,-482766.66,482766.66,241383.33,0.0,0.0,-241383.33
2026-01,CUST-0082,CTR-00193,Acme US Inc,USD,-241383.33,241383.33,241383.33,0.0,0.0,-241383.33
2026-02,CUST-0082,CTR-00193,Acme US Inc,USD,-241383.33,241383.33,241383.33,0.0,0.0,-241383.33
2026-03,CUST-0082,CTR-00193,Acme US Inc,USD,-241383.33,241383.33,241383.33,0.0,0.0,-241383.33
2026-04,CUST-0082,CTR-00193,Acme US Inc,USD,-241383.33,241383.33,241383.33,0.0,0.0,-241383.33
2026-05,CUST-0082,CTR-00193,Acme US Inc,USD,-241383.33,241383.33,241383.33,0.0,0.0,-241383.33
2025-08,CUST-0082,CTR-00194,Acme US Inc,USD,0.0,269475.0,269475.0,0.0,0.0,0.0
2025-09,CUST-0082,CTR-00194,Acme US Inc,USD,0.0,269475.0,269475.0,0.0,0.0,0.0
2025-10,CUST-0082,CTR-00194,Acme US Inc,USD,0.0,269475.0,269475.0,0.0,0.0,0.0
2025-11,CUST-0082,CTR-00194,Acme US Inc,USD,0.0,269475.0,269475.0,0.0,0.0,0.0
2025-12,CUST-0082,CTR-00194,Acme US Inc,USD,0.0,269475.0,269475.0,0.0,0.0,0.0
2026-01,CUST-0082,CTR-00194,Acme US Inc,USD,0.0,269475.0,269475.0,0.0,0.0,0.0
2026-02,CUST-0082,CTR-00194,Acme US Inc,USD,0.0,0.0,269475.0,0.0,0.0,-269475.0
2026-03,CUST-0082,CTR-00194,Acme US Inc,USD,-269475.0,538950.0,269475.0,0.0,0.0,0.0
2026-04,CUST-0082,CTR-00194,Acme US Inc,USD,0.0,269475.0,269475.0,0.0,0.0,0.0
2026-05,CUST-0082,CTR-00194,Acme US Inc,USD,0.0,269475.0,269475.0,0.0,0.0,0.0
2026-03,CUST-0082,CTR-00195,Acme US Inc,USD,0.0,287633.33,287633.33,0.0,0.0,0.0
2026-04,CUST-0082,CTR-00195,Acme US Inc,USD,0.0,287633.33,287633.33,0.0,0.0,0.0
2026-05,CUST-0082,CTR-00195,Acme US Inc,USD,0.0,287633.33,287633.33,0.0,0.0,0.0
2025-06,CUST-0082,CTR-00196,Acme US Inc,USD,0.0,275508.33,275508.33,0.0,0.0,0.0
2025-07,CUST-0082,CTR-00196,Acme US Inc,USD,0.0,275508.33,275508.33,0.0,0.0,0.0
2025-08,CUST-0082,CTR-00196,Acme US Inc,USD,0.0,275508.33,275508.33,0.0,0.0,0.0
2025-09,CUST-0082,CTR-00196,Acme US Inc,USD,0.0,275508.33,275508.33,0.0,0.0,0.0
2025-10,CUST-0082,CTR-00196,Acme US Inc,USD,0.0,275508.33,275508.33,0.0,0.0,0.0
2025-11,CUST-0082,CTR-00196,Acme US Inc,USD,0.0,275508.33,275508.33,0.0,0.0,0.0
2025-12,CUST-0082,CTR-00196,Acme US Inc,USD,0.0,0.0,275508.33,0.0,0.0,-275508.33
2026-01,CUST-0082,CTR-00196,Acme US Inc,USD,-275508.33,551016.66,275508.33,0.0,0.0,0.0
2026-02,CUST-0082,CTR-00196,Acme US Inc,USD,0.0,275508.33,275508.33,0.0,0.0,0.0
2026-03,CUST-0082,CTR-00196,Acme US Inc,USD,0.0,275508.33,275508.33,0.0,0.0,0.0
2026-04,CUST-0082,CTR-00196,Acme US Inc,USD,0.0,275508.33,275508.33,0.0,0.0,0.0
2026-05,CUST-0082,CTR-00196,Acme US Inc,USD,0.0,275508.33,275508.33,0.0,0.0,0.0
2026-02,CUST-0082,CTR-00197,Acme US Inc,USD,0.0,788700.0,788700.0,0.0,0.0,0.0
2026-03,CUST-0083,CTR-00199,Acme UK Ltd,GBP,0.0,1799.72,1799.72,0.0,0.0,0.0
2026-04,CUST-0083,CTR-00199,Acme UK Ltd,GBP,0.0,1438.17,1438.17,0.0,0.0,0.0
2026-05,CUST-0083,CTR-00199,Acme UK Ltd,GBP,0.0,1716.85,1716.85,0.0,0.0,0.0
2025-11,CUST-0083,CTR-00200,Acme UK Ltd,GBP,0.0,9606.3,9606.3,0.0,0.0,0.0
2025-07,CUST-0084,CTR-00202,Acme Argentina SA,ARS,0.0,8181818.18,8181818.18,0.0,0.0,0.0
2026-03,CUST-0084,CTR-00203,Acme Argentina SA,ARS,0.0,19181818.18,1598484.85,0.0,0.0,17583333.33
2026-04,CUST-0084,CTR-00203,Acme Argentina SA,ARS,17583333.33,0.0,1598484.85,0.0,0.0,15984848.48
2026-05,CUST-0084,CTR-00203,Acme Argentina SA,ARS,15984848.48,0.0,1598484.85,0.0,0.0,14386363.63
2025-02,CUST-0084,CTR-00204,Acme Argentina SA,ARS,0.0,1681818.18,560606.06,0.0,0.0,1121212.12
2025-03,CUST-0084,CTR-00204,Acme Argentina SA,ARS,1121212.12,0.0,560606.06,0.0,0.0,560606.06
2025-04,CUST-0084,CTR-00204,Acme Argentina SA,ARS,560606.06,0.0,560606.06,0.0,0.0,0.0
2025-05,CUST-0084,CTR-00204,Acme Argentina SA,ARS,0.0,1681818.18,560606.06,0.0,0.0,1121212.12
2025-06,CUST-0084,CTR-00204,Acme Argentina SA,ARS,1121212.12,0.0,560606.06,0.0,0.0,560606.06
2025-07,CUST-0084,CTR-00204,Acme Argentina SA,ARS,560606.06,0.0,560606.06,0.0,0.0,0.0
2025-08,CUST-0084,CTR-00204,Acme Argentina SA,ARS,0.0,1681818.18,560606.06,0.0,0.0,1121212.12
2025-09,CUST-0084,CTR-00204,Acme Argentina SA,ARS,1121212.12,0.0,560606.06,0.0,0.0,560606.06
2025-10,CUST-0084,CTR-00204,Acme Argentina SA,ARS,560606.06,0.0,560606.06,0.0,0.0,0.0
2025-11,CUST-0084,CTR-00204,Acme Argentina SA,ARS,0.0,1681818.18,560606.06,0.0,0.0,1121212.12
2025-12,CUST-0084,CTR-00204,Acme Argentina SA,ARS,1121212.12,0.0,560606.06,0.0,0.0,560606.06
2026-01,CUST-0084,CTR-00204,Acme Argentina SA,ARS,560606.06,0.0,560606.06,0.0,0.0,0.0
2026-02,CUST-0084,CTR-00204,Acme Argentina SA,ARS,0.0,1681818.18,560606.06,0.0,0.0,1121212.12
2026-03,CUST-0084,CTR-00204,Acme Argentina SA,ARS,1121212.12,0.0,560606.06,0.0,0.0,560606.06
2026-04,CUST-0084,CTR-00204,Acme Argentina SA,ARS,560606.06,0.0,560606.06,0.0,0.0,0.0
2026-05,CUST-0084,CTR-00204,Acme Argentina SA,ARS,0.0,1681818.18,560606.06,0.0,0.0,1121212.12
2026-04,CUST-0085,CTR-00205,Acme US Inc,USD,0.0,1145800.0,1145800.0,0.0,0.0,0.0
2025-11,CUST-0086,CTR-00206,Acme Brasil Ltda,BRL,0.0,292000.0,292000.0,0.0,0.0,0.0
2026-05,CUST-0087,CTR-00208,Acme Brasil Ltda,BRL,0.0,617750.0,617750.0,0.0,0.0,0.0
2026-04,CUST-0087,CTR-00209,Acme Brasil Ltda,BRL,0.0,249416.67,249416.67,0.0,0.0,0.0
2026-05,CUST-0087,CTR-00209,Acme Brasil Ltda,BRL,0.0,249416.67,249416.67,0.0,0.0,0.0
2025-10,CUST-0088,CTR-00210,Acme Brasil Ltda,BRL,0.0,440500.0,440500.0,0.0,0.0,0.0
2025-08,CUST-0088,CTR-00211,Acme Brasil Ltda,BRL,0.0,457000.0,457000.0,0.0,0.0,0.0
2025-11,CUST-0088,CTR-00212,Acme Brasil Ltda,BRL,0.0,46258.74,46258.74,0.0,0.0,0.0
2025-12,CUST-0088,CTR-00212,Acme Brasil Ltda,BRL,0.0,56890.77,56890.77,0.0,0.0,0.0
2026-01,CUST-0088,CTR-00212,Acme Brasil Ltda,BRL,0.0,47293.36,47293.36,0.0,0.0,0.0
2026-02,CUST-0088,CTR-00212,Acme Brasil Ltda,BRL,0.0,55809.3,55809.3,0.0,0.0,0.0
2026-03,CUST-0088,CTR-00212,Acme Brasil Ltda,BRL,0.0,45455.89,45455.89,0.0,0.0,0.0
2026-04,CUST-0088,CTR-00212,Acme Brasil Ltda,BRL,0.0,64537.15,64537.15,0.0,0.0,0.0
2026-05,CUST-0088,CTR-00212,Acme Brasil Ltda,BRL,0.0,57942.89,57942.89,0.0,0.0,0.0
2025-04,CUST-0089,CTR-00213,Acme UK Ltd,GBP,0.0,177232.64,177232.64,0.0,0.0,0.0
2026-04,CUST-0089,CTR-00213,Acme UK Ltd,GBP,0.0,137383.24,137383.24,0.0,0.0,0.0
2025-03,CUST-0089,CTR-00214,Acme UK Ltd,GBP,0.0,38113.23,38113.23,0.0,0.0,0.0
2025-06,CUST-0089,CTR-00214,Acme UK Ltd,GBP,0.0,29197.85,29197.85,0.0,0.0,0.0
2025-09,CUST-0089,CTR-00214,Acme UK Ltd,GBP,0.0,25403.07,25403.07,0.0,0.0,0.0
2025-12,CUST-0089,CTR-00214,Acme UK Ltd,GBP,0.0,39674.71,39674.71,0.0,0.0,0.0
2026-03,CUST-0089,CTR-00214,Acme UK Ltd,GBP,0.0,26011.69,26011.69,0.0,0.0,0.0
2025-10,CUST-0089,CTR-00215,Acme UK Ltd,GBP,0.0,35433.07,35433.07,0.0,0.0,0.0
2025-02,CUST-0090,CTR-00216,Acme Mexico SA,MXN,0.0,31232721.59,31232721.59,0.0,0.0,0.0
2026-02,CUST-0090,CTR-00216,Acme Mexico SA,MXN,0.0,51257343.73,51257343.73,0.0,0.0,0.0
2026-04,CUST-0090,CTR-00217,Acme Mexico SA,MXN,0.0,3684626.44,3684626.44,0.0,0.0,0.0
2026-05,CUST-0090,CTR-00217,Acme Mexico SA,MXN,0.0,3684626.44,3684626.44,0.0,0.0,0.0
2026-02,CUST-0091,CTR-00218,Acme Argentina SA,ARS,0.0,202454545.46,67484848.49,0.0,0.0,134969696.97
2026-03,CUST-0091,CTR-00218,Acme Argentina SA,ARS,134969696.97,0.0,67484848.49,0.0,0.0,67484848.48
2026-04,CUST-0091,CTR-00218,Acme Argentina SA,ARS,67484848.48,0.0,67484848.49,0.0,0.0,-0.01
2026-05,CUST-0091,CTR-00218,Acme Argentina SA,ARS,-0.01,202454545.46,67484848.49,0.0,0.0,134969696.96
2026-05,CUST-0092,CTR-00220,Acme US Inc,USD,0.0,1975.0,1975.0,0.0,0.0,0.0
2025-08,CUST-0093,CTR-00222,Acme EU GmbH,EUR,0.0,127229.94,127229.94,0.0,0.0,0.0
2025-09,CUST-0093,CTR-00222,Acme EU GmbH,EUR,0.0,127229.94,127229.94,0.0,0.0,0.0
2025-10,CUST-0093,CTR-00222,Acme EU GmbH,EUR,0.0,127229.94,127229.94,0.0,0.0,0.0
2025-11,CUST-0093,CTR-00222,Acme EU GmbH,EUR,0.0,127229.94,127229.94,0.0,0.0,0.0
2025-12,CUST-0093,CTR-00222,Acme EU GmbH,EUR,0.0,127229.94,127229.94,0.0,0.0,0.0
2026-01,CUST-0093,CTR-00222,Acme EU GmbH,EUR,0.0,127229.94,127229.94,0.0,0.0,0.0
2026-02,CUST-0093,CTR-00222,Acme EU GmbH,EUR,0.0,127229.94,127229.94,0.0,0.0,0.0
2026-03,CUST-0093,CTR-00222,Acme EU GmbH,EUR,0.0,127229.94,127229.94,0.0,0.0,0.0
2026-04,CUST-0093,CTR-00222,Acme EU GmbH,EUR,0.0,127229.94,127229.94,0.0,0.0,0.0
2026-05,CUST-0093,CTR-00222,Acme EU GmbH,EUR,0.0,127229.94,127229.94,0.0,0.0,0.0
2025-04,CUST-0094,CTR-00225,Acme US Inc,USD,0.0,2156.88,2156.88,0.0,0.0,0.0
2025-05,CUST-0094,CTR-00225,Acme US Inc,USD,0.0,2836.15,2836.15,0.0,0.0,0.0
2025-06,CUST-0094,CTR-00225,Acme US Inc,USD,0.0,2920.77,2920.77,0.0,0.0,0.0
2025-07,CUST-0094,CTR-00225,Acme US Inc,USD,0.0,1816.74,1816.74,0.0,0.0,0.0
2025-08,CUST-0094,CTR-00225,Acme US Inc,USD,0.0,2805.8,2805.8,0.0,0.0,0.0
2025-09,CUST-0094,CTR-00225,Acme US Inc,USD,0.0,2620.17,2620.17,0.0,0.0,0.0
2025-10,CUST-0094,CTR-00225,Acme US Inc,USD,0.0,1922.18,1922.18,0.0,0.0,0.0
2025-11,CUST-0094,CTR-00225,Acme US Inc,USD,0.0,2337.94,2337.94,0.0,0.0,0.0
2025-12,CUST-0094,CTR-00225,Acme US Inc,USD,0.0,2485.2,2485.2,0.0,0.0,0.0
2026-01,CUST-0094,CTR-00225,Acme US Inc,USD,0.0,1954.58,1954.58,0.0,0.0,0.0
2026-02,CUST-0094,CTR-00225,Acme US Inc,USD,0.0,2013.1,2013.1,0.0,0.0,0.0
2026-03,CUST-0094,CTR-00225,Acme US Inc,USD,0.0,1647.73,1647.73,0.0,0.0,0.0
2026-04,CUST-0094,CTR-00225,Acme US Inc,USD,0.0,2197.8,2197.8,0.0,0.0,0.0
2026-05,CUST-0094,CTR-00225,Acme US Inc,USD,0.0,2654.44,2654.44,0.0,0.0,0.0
2025-04,CUST-0094,CTR-00226,Acme US Inc,USD,0.0,6900.0,6900.0,0.0,0.0,0.0
2025-03,CUST-0094,CTR-00227,Acme US Inc,USD,0.0,9900.0,9900.0,0.0,0.0,0.0
2026-04,CUST-0094,CTR-00228,Acme US Inc,USD,0.0,12600.0,12600.0,0.0,0.0,0.0
2025-10,CUST-0095,CTR-00229,Acme US Inc,USD,0.0,176000.0,176000.0,0.0,0.0,0.0
2025-02,CUST-0096,CTR-00231,Acme US Inc,USD,0.0,7800.0,2600.0,0.0,0.0,5200.0
2025-03,CUST-0096,CTR-00231,Acme US Inc,USD,5200.0,0.0,2600.0,0.0,0.0,2600.0
2025-04,CUST-0096,CTR-00231,Acme US Inc,USD,2600.0,0.0,2600.0,0.0,0.0,0.0
2025-05,CUST-0096,CTR-00231,Acme US Inc,USD,0.0,7800.0,2600.0,0.0,0.0,5200.0
2025-06,CUST-0096,CTR-00231,Acme US Inc,USD,5200.0,0.0,2600.0,0.0,0.0,2600.0
2025-07,CUST-0096,CTR-00231,Acme US Inc,USD,2600.0,0.0,2600.0,0.0,0.0,0.0
2025-08,CUST-0096,CTR-00231,Acme US Inc,USD,0.0,7800.0,2600.0,0.0,0.0,5200.0
2025-09,CUST-0096,CTR-00231,Acme US Inc,USD,5200.0,0.0,2600.0,0.0,0.0,2600.0
2025-10,CUST-0096,CTR-00231,Acme US Inc,USD,2600.0,0.0,2600.0,0.0,0.0,0.0
2025-11,CUST-0096,CTR-00231,Acme US Inc,USD,0.0,7800.0,2600.0,0.0,0.0,5200.0
2025-12,CUST-0096,CTR-00231,Acme US Inc,USD,5200.0,0.0,2600.0,0.0,0.0,2600.0
2026-01,CUST-0096,CTR-00231,Acme US Inc,USD,2600.0,0.0,2600.0,0.0,0.0,0.0
2026-02,CUST-0096,CTR-00231,Acme US Inc,USD,0.0,7800.0,2600.0,0.0,0.0,5200.0
2026-03,CUST-0096,CTR-00231,Acme US Inc,USD,5200.0,0.0,2600.0,0.0,0.0,2600.0
2026-04,CUST-0096,CTR-00231,Acme US Inc,USD,2600.0,0.0,2600.0,0.0,0.0,0.0
2026-05,CUST-0096,CTR-00231,Acme US Inc,USD,0.0,7800.0,2600.0,0.0,0.0,5200.0
2025-10,CUST-0097,CTR-00232,Acme US Inc,USD,0.0,18400.0,18400.0,0.0,0.0,0.0
2025-02,CUST-0097,CTR-00234,Acme US Inc,USD,0.0,27400.0,2283.33,0.0,0.0,25116.67
2025-03,CUST-0097,CTR-00234,Acme US Inc,USD,25116.67,0.0,2283.33,0.0,0.0,22833.34
2025-04,CUST-0097,CTR-00234,Acme US Inc,USD,22833.34,0.0,2283.33,0.0,0.0,20550.01
2025-05,CUST-0097,CTR-00234,Acme US Inc,USD,20550.01,0.0,2283.33,0.0,0.0,18266.68
2025-06,CUST-0097,CTR-00234,Acme US Inc,USD,18266.68,0.0,2283.33,0.0,0.0,15983.35
2025-07,CUST-0097,CTR-00234,Acme US Inc,USD,15983.35,0.0,2283.33,0.0,0.0,13700.02
2025-08,CUST-0097,CTR-00234,Acme US Inc,USD,13700.02,0.0,2283.33,0.0,0.0,11416.69
2025-09,CUST-0097,CTR-00234,Acme US Inc,USD,11416.69,0.0,2283.33,0.0,0.0,9133.36
2025-10,CUST-0097,CTR-00234,Acme US Inc,USD,9133.36,0.0,2283.33,0.0,0.0,6850.03
2025-11,CUST-0097,CTR-00234,Acme US Inc,USD,6850.03,0.0,2283.33,0.0,0.0,4566.7
2025-12,CUST-0097,CTR-00234,Acme US Inc,USD,4566.7,0.0,2283.33,0.0,0.0,2283.37
2026-01,CUST-0097,CTR-00234,Acme US Inc,USD,2283.37,0.0,2283.33,0.0,0.0,0.04
2026-02,CUST-0097,CTR-00234,Acme US Inc,USD,0.04,27400.0,2283.33,0.0,0.0,25116.71
2026-03,CUST-0097,CTR-00234,Acme US Inc,USD,25116.71,0.0,2283.33,0.0,0.0,22833.38
2026-04,CUST-0097,CTR-00234,Acme US Inc,USD,22833.38,0.0,2283.33,0.0,0.0,20550.05
2026-05,CUST-0097,CTR-00234,Acme US Inc,USD,20550.05,0.0,2283.33,0.0,0.0,18266.72
2026-02,CUST-0098,CTR-00235,Acme US Inc,USD,0.0,2814.07,2814.07,0.0,0.0,0.0
2026-03,CUST-0098,CTR-00235,Acme US Inc,USD,0.0,3897.34,3897.34,0.0,0.0,0.0
2026-04,CUST-0098,CTR-00235,Acme US Inc,USD,0.0,2734.5,2734.5,0.0,0.0,0.0
2026-05,CUST-0098,CTR-00235,Acme US Inc,USD,0.0,3480.24,3480.24,0.0,0.0,0.0
2025-12,CUST-0098,CTR-00236,Acme US Inc,USD,0.0,1533.33,1533.33,0.0,0.0,0.0
2026-01,CUST-0098,CTR-00236,Acme US Inc,USD,0.0,1533.33,1533.33,0.0,0.0,0.0
2026-02,CUST-0098,CTR-00236,Acme US Inc,USD,0.0,1533.33,1533.33,0.0,0.0,0.0
2025-10,CUST-0100,CTR-00237,Acme US Inc,USD,0.0,403700.0,403700.0,0.0,0.0,0.0
2025-10,CUST-0100,CTR-00238,Acme US Inc,USD,0.0,285715.14,285715.14,0.0,0.0,0.0
2026-01,CUST-0100,CTR-00238,Acme US Inc,USD,0.0,175216.32,175216.32,0.0,0.0,0.0
2026-04,CUST-0100,CTR-00238,Acme US Inc,USD,0.0,158483.39,158483.39,0.0,0.0,0.0
2025-11,CUST-0100,CTR-00239,Acme US Inc,USD,0.0,116726.04,116726.04,0.0,0.0,0.0
2026-02,CUST-0100,CTR-00239,Acme US Inc,USD,0.0,90297.31,90297.31,0.0,0.0,0.0
2026-05,CUST-0100,CTR-00239,Acme US Inc,USD,0.0,86748.58,86748.58,0.0,0.0,0.0
2025-10,CUST-0101,CTR-00241,Acme US Inc,USD,0.0,6779.43,6779.43,0.0,0.0,0.0
2025-11,CUST-0101,CTR-00241,Acme US Inc,USD,0.0,8258.78,8258.78,0.0,0.0,0.0
2025-12,CUST-0101,CTR-00241,Acme US Inc,USD,0.0,9073.74,9073.74,0.0,0.0,0.0
2026-01,CUST-0101,CTR-00241,Acme US Inc,USD,0.0,7774.45,7774.45,0.0,0.0,0.0
2026-02,CUST-0101,CTR-00241,Acme US Inc,USD,0.0,7908.14,7908.14,0.0,0.0,0.0
2026-03,CUST-0101,CTR-00241,Acme US Inc,USD,0.0,7361.44,7361.44,0.0,0.0,0.0
2026-04,CUST-0101,CTR-00241,Acme US Inc,USD,0.0,10830.65,10830.65,0.0,0.0,0.0
2026-05,CUST-0101,CTR-00241,Acme US Inc,USD,0.0,11353.55,11353.55,0.0,0.0,0.0
2025-07,CUST-0102,CTR-00242,Acme UK Ltd,GBP,0.0,12749.34,12749.34,0.0,0.0,0.0
2025-08,CUST-0102,CTR-00242,Acme UK Ltd,GBP,0.0,12749.34,12749.34,0.0,0.0,0.0
2025-09,CUST-0102,CTR-00242,Acme UK Ltd,GBP,0.0,12749.34,12749.34,0.0,0.0,0.0
2025-10,CUST-0102,CTR-00242,Acme UK Ltd,GBP,0.0,12749.34,12749.34,0.0,0.0,0.0
2025-11,CUST-0102,CTR-00242,Acme UK Ltd,GBP,0.0,12749.34,12749.34,0.0,0.0,0.0
2025-12,CUST-0102,CTR-00242,Acme UK Ltd,GBP,0.0,12749.34,12749.34,0.0,0.0,0.0
2026-01,CUST-0102,CTR-00242,Acme UK Ltd,GBP,0.0,12749.34,12749.34,0.0,0.0,0.0
2026-02,CUST-0102,CTR-00242,Acme UK Ltd,GBP,0.0,12749.34,12749.34,0.0,0.0,0.0
2026-03,CUST-0102,CTR-00242,Acme UK Ltd,GBP,0.0,12749.34,12749.34,0.0,0.0,0.0
2026-04,CUST-0102,CTR-00242,Acme UK Ltd,GBP,0.0,12749.34,12749.34,0.0,0.0,0.0
2026-05,CUST-0102,CTR-00242,Acme UK Ltd,GBP,0.0,12749.34,12749.34,0.0,0.0,0.0
2026-05,CUST-0102,CTR-00243,Acme UK Ltd,GBP,0.0,115551.18,38517.06,0.0,0.0,77034.12
2025-08,CUST-0102,CTR-00244,Acme UK Ltd,GBP,0.0,371259.84,371259.84,0.0,0.0,0.0
2025-08,CUST-0103,CTR-00245,Acme Brasil Ltda,BRL,0.0,12833.33,12833.33,0.0,0.0,0.0
2025-09,CUST-0103,CTR-00245,Acme Brasil Ltda,BRL,0.0,12833.33,12833.33,0.0,0.0,0.0
2025-10,CUST-0103,CTR-00245,Acme Brasil Ltda,BRL,0.0,12833.33,12833.33,0.0,0.0,0.0
2025-11,CUST-0103,CTR-00245,Acme Brasil Ltda,BRL,0.0,12833.33,12833.33,0.0,0.0,0.0
2025-12,CUST-0103,CTR-00245,Acme Brasil Ltda,BRL,0.0,12833.33,12833.33,0.0,0.0,0.0
2026-01,CUST-0103,CTR-00245,Acme Brasil Ltda,BRL,0.0,12833.33,12833.33,0.0,0.0,0.0
2026-02,CUST-0103,CTR-00245,Acme Brasil Ltda,BRL,0.0,12833.33,12833.33,0.0,0.0,0.0
2026-03,CUST-0103,CTR-00245,Acme Brasil Ltda,BRL,0.0,12833.33,12833.33,0.0,0.0,0.0
2026-04,CUST-0103,CTR-00245,Acme Brasil Ltda,BRL,0.0,12833.33,12833.33,0.0,0.0,0.0
2026-05,CUST-0103,CTR-00245,Acme Brasil Ltda,BRL,0.0,12833.33,12833.33,0.0,0.0,0.0
2026-01,CUST-0103,CTR-00246,Acme Brasil Ltda,BRL,0.0,37750.0,12583.33,0.0,0.0,25166.67
2026-02,CUST-0103,CTR-00246,Acme Brasil Ltda,BRL,25166.67,0.0,12583.33,0.0,0.0,12583.34
2026-03,CUST-0103,CTR-00246,Acme Brasil Ltda,BRL,12583.34,0.0,12583.33,0.0,0.0,0.01
2026-04,CUST-0103,CTR-00246,Acme Brasil Ltda,BRL,0.01,37750.0,12583.33,0.0,0.0,25166.68
2026-05,CUST-0103,CTR-00246,Acme Brasil Ltda,BRL,25166.68,0.0,12583.33,0.0,0.0,12583.35
2025-12,CUST-0103,CTR-00247,Acme Brasil Ltda,BRL,0.0,33875.0,11291.67,0.0,0.0,22583.33
2026-01,CUST-0103,CTR-00247,Acme Brasil Ltda,BRL,22583.33,0.0,11291.67,0.0,0.0,11291.66
2026-02,CUST-0103,CTR-00247,Acme Brasil Ltda,BRL,11291.66,0.0,11291.67,0.0,0.0,-0.01
2026-03,CUST-0103,CTR-00247,Acme Brasil Ltda,BRL,-0.01,33875.0,11291.67,0.0,0.0,22583.32
2026-04,CUST-0103,CTR-00247,Acme Brasil Ltda,BRL,22583.32,0.0,11291.67,0.0,0.0,11291.65
2026-05,CUST-0103,CTR-00247,Acme Brasil Ltda,BRL,11291.65,0.0,11291.67,0.0,0.0,-0.02
2025-12,CUST-0103,CTR-00249,Acme Brasil Ltda,BRL,0.0,2040.29,2040.29,0.0,0.0,0.0
2026-01,CUST-0103,CTR-00249,Acme Brasil Ltda,BRL,0.0,3004.09,3004.09,0.0,0.0,0.0
2026-02,CUST-0103,CTR-00249,Acme Brasil Ltda,BRL,0.0,1967.18,1967.18,0.0,0.0,0.0
2026-03,CUST-0103,CTR-00249,Acme Brasil Ltda,BRL,0.0,2183.99,2183.99,0.0,0.0,0.0
2026-04,CUST-0103,CTR-00249,Acme Brasil Ltda,BRL,0.0,2198.51,2198.51,0.0,0.0,0.0
2026-05,CUST-0103,CTR-00249,Acme Brasil Ltda,BRL,0.0,2279.59,2279.59,0.0,0.0,0.0
2025-07,CUST-0104,CTR-00250,Acme Brasil Ltda,BRL,0.0,296000.0,296000.0,0.0,0.0,0.0
2025-02,CUST-0104,CTR-00251,Acme Brasil Ltda,BRL,0.0,310958.33,310958.33,0.0,0.0,0.0
2025-03,CUST-0104,CTR-00251,Acme Brasil Ltda,BRL,0.0,310958.33,310958.33,0.0,0.0,0.0
2025-04,CUST-0104,CTR-00251,Acme Brasil Ltda,BRL,0.0,310958.33,310958.33,0.0,0.0,0.0
2025-05,CUST-0104,CTR-00251,Acme Brasil Ltda,BRL,0.0,310958.33,310958.33,0.0,0.0,0.0
2025-06,CUST-0104,CTR-00251,Acme Brasil Ltda,BRL,0.0,310958.33,310958.33,0.0,0.0,0.0
2025-07,CUST-0104,CTR-00251,Acme Brasil Ltda,BRL,0.0,310958.33,310958.33,0.0,0.0,0.0
2025-08,CUST-0104,CTR-00251,Acme Brasil Ltda,BRL,0.0,310958.33,310958.33,0.0,0.0,0.0
2025-09,CUST-0104,CTR-00251,Acme Brasil Ltda,BRL,0.0,310958.33,310958.33,0.0,0.0,0.0
2025-10,CUST-0104,CTR-00251,Acme Brasil Ltda,BRL,0.0,310958.33,310958.33,0.0,0.0,0.0
2025-11,CUST-0104,CTR-00251,Acme Brasil Ltda,BRL,0.0,310958.33,310958.33,0.0,0.0,0.0
2025-12,CUST-0104,CTR-00251,Acme Brasil Ltda,BRL,0.0,310958.33,310958.33,0.0,0.0,0.0
2026-01,CUST-0104,CTR-00251,Acme Brasil Ltda,BRL,0.0,310958.33,310958.33,0.0,0.0,0.0
2026-02,CUST-0104,CTR-00251,Acme Brasil Ltda,BRL,0.0,310958.33,310958.33,0.0,0.0,0.0
2026-03,CUST-0104,CTR-00251,Acme Brasil Ltda,BRL,0.0,310958.33,310958.33,0.0,0.0,0.0
2026-04,CUST-0104,CTR-00251,Acme Brasil Ltda,BRL,0.0,310958.33,310958.33,0.0,0.0,0.0
2026-05,CUST-0104,CTR-00251,Acme Brasil Ltda,BRL,0.0,310958.33,310958.33,0.0,0.0,0.0
2026-05,CUST-0104,CTR-00252,Acme Brasil Ltda,BRL,0.0,879000.0,879000.0,0.0,0.0,0.0
2025-04,CUST-0105,CTR-00254,Acme Argentina SA,ARS,0.0,2090909.09,2090909.09,0.0,0.0,0.0
2026-02,CUST-0105,CTR-00255,Acme Argentina SA,ARS,0.0,2636363.64,2636363.64,0.0,0.0,0.0
2026-03,CUST-0105,CTR-00255,Acme Argentina SA,ARS,0.0,2636363.64,2636363.64,0.0,0.0,0.0
2026-04,CUST-0105,CTR-00255,Acme Argentina SA,ARS,0.0,2636363.64,2636363.64,0.0,0.0,0.0
2025-07,CUST-0107,CTR-00259,Acme US Inc,USD,0.0,1469800.0,1469800.0,0.0,0.0,0.0
2025-05,CUST-0108,CTR-00260,Acme US Inc,USD,0.0,5700.0,5700.0,0.0,0.0,0.0
2026-05,CUST-0108,CTR-00261,Acme US Inc,USD,0.0,2100.0,2100.0,0.0,0.0,0.0
2026-02,CUST-0109,CTR-00264,Acme UK Ltd,GBP,0.0,2237.53,2237.53,0.0,0.0,0.0
2026-03,CUST-0109,CTR-00264,Acme UK Ltd,GBP,0.0,2237.53,2237.53,0.0,0.0,0.0
2026-04,CUST-0109,CTR-00264,Acme UK Ltd,GBP,0.0,2237.53,2237.53,0.0,0.0,0.0
2026-05,CUST-0109,CTR-00264,Acme UK Ltd,GBP,0.0,2237.53,2237.53,0.0,0.0,0.0
2025-04,CUST-0110,CTR-00265,Acme Argentina SA,ARS,0.0,3454545.45,3454545.45,0.0,0.0,0.0
2026-04,CUST-0110,CTR-00266,Acme Argentina SA,ARS,0.0,5219398.28,5219398.28,0.0,0.0,0.0
2025-09,CUST-0110,CTR-00267,Acme Argentina SA,ARS,0.0,16545454.55,16545454.55,0.0,0.0,0.0
2025-08,CUST-0110,CTR-00268,Acme Argentina SA,ARS,0.0,2492424.24,2492424.24,0.0,0.0,0.0
2025-09,CUST-0110,CTR-00268,Acme Argentina SA,ARS,0.0,2492424.24,2492424.24,0.0,0.0,0.0
2025-10,CUST-0110,CTR-00268,Acme Argentina SA,ARS,0.0,2492424.24,2492424.24,0.0,0.0,0.0
2025-11,CUST-0110,CTR-00268,Acme Argentina SA,ARS,0.0,2492424.24,2492424.24,0.0,0.0,0.0
2025-12,CUST-0110,CTR-00268,Acme Argentina SA,ARS,0.0,2492424.24,2492424.24,0.0,0.0,0.0
2026-01,CUST-0110,CTR-00268,Acme Argentina SA,ARS,0.0,2492424.24,2492424.24,0.0,0.0,0.0
2026-02,CUST-0110,CTR-00268,Acme Argentina SA,ARS,0.0,2492424.24,2492424.24,0.0,0.0,0.0
2026-03,CUST-0110,CTR-00268,Acme Argentina SA,ARS,0.0,2492424.24,2492424.24,0.0,0.0,0.0
2026-04,CUST-0110,CTR-00268,Acme Argentina SA,ARS,0.0,2492424.24,2492424.24,0.0,0.0,0.0
2026-05,CUST-0110,CTR-00268,Acme Argentina SA,ARS,0.0,2492424.24,2492424.24,0.0,0.0,0.0
2025-05,CUST-0111,CTR-00269,Acme Mexico SA,MXN,0.0,217241.38,217241.38,0.0,0.0,0.0
2025-10,CUST-0111,CTR-00270,Acme Mexico SA,MXN,0.0,684482.76,57040.23,0.0,0.0,627442.53
2025-11,CUST-0111,CTR-00270,Acme Mexico SA,MXN,627442.53,0.0,57040.23,0.0,0.0,570402.3
2025-12,CUST-0111,CTR-00270,Acme Mexico SA,MXN,570402.3,0.0,57040.23,0.0,0.0,513362.07
2026-01,CUST-0111,CTR-00270,Acme Mexico SA,MXN,513362.07,0.0,57040.23,0.0,0.0,456321.84
2026-02,CUST-0111,CTR-00270,Acme Mexico SA,MXN,456321.84,0.0,57040.23,0.0,0.0,399281.61
2026-03,CUST-0111,CTR-00270,Acme Mexico SA,MXN,399281.61,0.0,57040.23,0.0,0.0,342241.38
2026-04,CUST-0111,CTR-00270,Acme Mexico SA,MXN,342241.38,0.0,57040.23,0.0,0.0,285201.15
2026-05,CUST-0111,CTR-00270,Acme Mexico SA,MXN,285201.15,0.0,57040.23,0.0,0.0,228160.92
2026-03,CUST-0111,CTR-00271,Acme Mexico SA,MXN,0.0,135344.83,45114.94,0.0,0.0,90229.89
2026-04,CUST-0111,CTR-00271,Acme Mexico SA,MXN,90229.89,0.0,45114.94,0.0,0.0,45114.95
2026-05,CUST-0111,CTR-00271,Acme Mexico SA,MXN,45114.95,0.0,45114.94,0.0,0.0,0.01
2025-04,CUST-0111,CTR-00272,Acme Mexico SA,MXN,0.0,137931.03,137931.03,0.0,0.0,0.0
2025-11,CUST-0111,CTR-00273,Acme Mexico SA,MXN,0.0,33333.33,33333.33,0.0,0.0,0.0
2025-12,CUST-0111,CTR-00273,Acme Mexico SA,MXN,0.0,33333.33,33333.33,0.0,0.0,0.0
2026-01,CUST-0111,CTR-00273,Acme Mexico SA,MXN,0.0,33333.33,33333.33,0.0,0.0,0.0
2026-02,CUST-0111,CTR-00273,Acme Mexico SA,MXN,0.0,33333.33,33333.33,0.0,0.0,0.0
2026-03,CUST-0111,CTR-00273,Acme Mexico SA,MXN,0.0,33333.33,33333.33,0.0,0.0,0.0
2026-04,CUST-0111,CTR-00273,Acme Mexico SA,MXN,0.0,33333.33,33333.33,0.0,0.0,0.0
2026-05,CUST-0111,CTR-00273,Acme Mexico SA,MXN,0.0,33333.33,33333.33,0.0,0.0,0.0
2025-02,CUST-0113,CTR-00275,Acme Mexico SA,MXN,0.0,183908.05,183908.05,0.0,0.0,0.0
2025-03,CUST-0113,CTR-00275,Acme Mexico SA,MXN,0.0,183908.05,183908.05,0.0,0.0,0.0
2025-04,CUST-0113,CTR-00275,Acme Mexico SA,MXN,0.0,183908.05,183908.05,0.0,0.0,0.0
2025-05,CUST-0113,CTR-00275,Acme Mexico SA,MXN,0.0,183908.05,183908.05,0.0,0.0,0.0
2025-06,CUST-0113,CTR-00275,Acme Mexico SA,MXN,0.0,183908.05,183908.05,0.0,0.0,0.0
2025-07,CUST-0113,CTR-00275,Acme Mexico SA,MXN,0.0,183908.05,183908.05,0.0,0.0,0.0
2025-08,CUST-0113,CTR-00275,Acme Mexico SA,MXN,0.0,183908.05,183908.05,0.0,0.0,0.0
2025-09,CUST-0113,CTR-00275,Acme Mexico SA,MXN,0.0,183908.05,183908.05,0.0,0.0,0.0
2025-10,CUST-0113,CTR-00275,Acme Mexico SA,MXN,0.0,183908.05,183908.05,0.0,0.0,0.0
2025-11,CUST-0113,CTR-00275,Acme Mexico SA,MXN,0.0,183908.05,183908.05,0.0,0.0,0.0
2025-12,CUST-0113,CTR-00275,Acme Mexico SA,MXN,0.0,183908.05,183908.05,0.0,0.0,0.0
2026-01,CUST-0113,CTR-00275,Acme Mexico SA,MXN,0.0,183908.05,183908.05,0.0,0.0,0.0
2026-02,CUST-0113,CTR-00275,Acme Mexico SA,MXN,0.0,183908.05,183908.05,0.0,0.0,0.0
2026-03,CUST-0113,CTR-00275,Acme Mexico SA,MXN,0.0,183908.05,183908.05,0.0,0.0,0.0
2026-04,CUST-0113,CTR-00275,Acme Mexico SA,MXN,0.0,183908.05,183908.05,0.0,0.0,0.0
2026-05,CUST-0113,CTR-00275,Acme Mexico SA,MXN,0.0,183908.05,183908.05,0.0,0.0,0.0
2025-02,CUST-0113,CTR-00276,Acme Mexico SA,MXN,0.0,679310.34,679310.34,0.0,0.0,0.0
2026-04,CUST-0113,CTR-00277,Acme Mexico SA,MXN,0.0,140593.56,140593.56,0.0,0.0,0.0
2025-06,CUST-0114,CTR-00278,Acme UK Ltd,GBP,0.0,27795.28,9265.09,0.0,0.0,18530.19
2025-07,CUST-0114,CTR-00278,Acme UK Ltd,GBP,18530.19,0.0,9265.09,0.0,0.0,9265.1
2025-08,CUST-0114,CTR-00278,Acme UK Ltd,GBP,9265.1,0.0,9265.09,0.0,0.0,0.01
2025-09,CUST-0114,CTR-00278,Acme UK Ltd,GBP,0.01,27795.28,9265.09,0.0,0.0,18530.2
2025-10,CUST-0114,CTR-00278,Acme UK Ltd,GBP,18530.2,0.0,9265.09,0.0,0.0,9265.11
2025-11,CUST-0114,CTR-00278,Acme UK Ltd,GBP,9265.11,0.0,9265.09,0.0,0.0,0.02
2025-12,CUST-0114,CTR-00278,Acme UK Ltd,GBP,0.02,27795.28,9265.09,0.0,0.0,18530.21
2026-01,CUST-0114,CTR-00278,Acme UK Ltd,GBP,18530.21,0.0,9265.09,0.0,0.0,9265.12
2026-02,CUST-0114,CTR-00278,Acme UK Ltd,GBP,9265.12,0.0,9265.09,0.0,0.0,0.03
2026-03,CUST-0114,CTR-00278,Acme UK Ltd,GBP,0.03,27795.28,9265.09,0.0,0.0,18530.22
2026-04,CUST-0114,CTR-00278,Acme UK Ltd,GBP,18530.22,0.0,9265.09,0.0,0.0,9265.13
2026-05,CUST-0114,CTR-00278,Acme UK Ltd,GBP,9265.13,0.0,9265.09,0.0,0.0,0.04
2025-04,CUST-0114,CTR-00279,Acme UK Ltd,GBP,0.0,3056.12,3056.12,0.0,0.0,0.0
2025-05,CUST-0114,CTR-00279,Acme UK Ltd,GBP,0.0,4392.15,4392.15,0.0,0.0,0.0
2025-06,CUST-0114,CTR-00279,Acme UK Ltd,GBP,0.0,2927.74,2927.74,0.0,0.0,0.0
2025-07,CUST-0114,CTR-00279,Acme UK Ltd,GBP,0.0,3228.94,3228.94,0.0,0.0,0.0
2025-08,CUST-0114,CTR-00279,Acme UK Ltd,GBP,0.0,3432.1,3432.1,0.0,0.0,0.0
2025-09,CUST-0114,CTR-00279,Acme UK Ltd,GBP,0.0,4190.1,4190.1,0.0,0.0,0.0
2025-10,CUST-0114,CTR-00279,Acme UK Ltd,GBP,0.0,4465.98,4465.98,0.0,0.0,0.0
2025-11,CUST-0114,CTR-00279,Acme UK Ltd,GBP,0.0,4909.21,4909.21,0.0,0.0,0.0
2025-12,CUST-0114,CTR-00279,Acme UK Ltd,GBP,0.0,3886.68,3886.68,0.0,0.0,0.0
2026-01,CUST-0114,CTR-00279,Acme UK Ltd,GBP,0.0,2912.42,2912.42,0.0,0.0,0.0
2026-02,CUST-0114,CTR-00279,Acme UK Ltd,GBP,0.0,4293.32,4293.32,0.0,0.0,0.0
2026-03,CUST-0114,CTR-00279,Acme UK Ltd,GBP,0.0,4575.39,4575.39,0.0,0.0,0.0
2026-04,CUST-0114,CTR-00279,Acme UK Ltd,GBP,0.0,2974.98,2974.98,0.0,0.0,0.0
2026-05,CUST-0114,CTR-00279,Acme UK Ltd,GBP,0.0,3858.26,3858.26,0.0,0.0,0.0
2025-03,CUST-0115,CTR-00280,Acme Mexico SA,MXN,0.0,2334482.76,2334482.76,0.0,0.0,0.0
2025-10,CUST-0115,CTR-00281,Acme Mexico SA,MXN,0.0,248706.9,82902.3,0.0,0.0,165804.6
2025-11,CUST-0115,CTR-00281,Acme Mexico SA,MXN,165804.6,0.0,82902.3,0.0,0.0,82902.3
2025-12,CUST-0115,CTR-00281,Acme Mexico SA,MXN,82902.3,0.0,82902.3,0.0,0.0,0.0
2026-01,CUST-0115,CTR-00281,Acme Mexico SA,MXN,0.0,248706.9,82902.3,0.0,0.0,165804.6
2026-02,CUST-0115,CTR-00281,Acme Mexico SA,MXN,165804.6,0.0,82902.3,0.0,0.0,82902.3
2026-03,CUST-0115,CTR-00281,Acme Mexico SA,MXN,82902.3,0.0,82902.3,0.0,0.0,0.0
2026-04,CUST-0115,CTR-00281,Acme Mexico SA,MXN,0.0,248706.9,82902.3,0.0,0.0,165804.6
2026-05,CUST-0115,CTR-00281,Acme Mexico SA,MXN,165804.6,0.0,82902.3,0.0,0.0,82902.3
2025-11,CUST-0116,CTR-00282,Acme US Inc,USD,0.0,20500.0,20500.0,0.0,0.0,0.0
2025-06,CUST-0117,CTR-00284,Acme US Inc,USD,0.0,35800.0,11933.33,0.0,0.0,23866.67
2025-07,CUST-0117,CTR-00284,Acme US Inc,USD,23866.67,0.0,11933.33,0.0,0.0,11933.34
2025-08,CUST-0117,CTR-00284,Acme US Inc,USD,11933.34,0.0,11933.33,0.0,0.0,0.01
2025-09,CUST-0117,CTR-00284,Acme US Inc,USD,0.01,35800.0,11933.33,0.0,0.0,23866.68
2025-10,CUST-0117,CTR-00284,Acme US Inc,USD,23866.68,0.0,11933.33,0.0,0.0,11933.35
2025-11,CUST-0117,CTR-00284,Acme US Inc,USD,11933.35,0.0,11933.33,0.0,0.0,0.02
2025-12,CUST-0117,CTR-00284,Acme US Inc,USD,0.02,35800.0,11933.33,0.0,0.0,23866.69
2026-01,CUST-0117,CTR-00284,Acme US Inc,USD,23866.69,0.0,11933.33,0.0,0.0,11933.36
2026-02,CUST-0117,CTR-00284,Acme US Inc,USD,11933.36,0.0,11933.33,0.0,0.0,0.03
2026-03,CUST-0117,CTR-00284,Acme US Inc,USD,0.03,35800.0,11933.33,0.0,0.0,23866.7
2026-04,CUST-0117,CTR-00284,Acme US Inc,USD,23866.7,0.0,11933.33,0.0,0.0,11933.37
2026-05,CUST-0117,CTR-00284,Acme US Inc,USD,11933.37,0.0,11933.33,0.0,0.0,0.04
2026-04,CUST-0117,CTR-00285,Acme US Inc,USD,0.0,34950.0,11650.0,0.0,0.0,23300.0
2026-05,CUST-0117,CTR-00285,Acme US Inc,USD,23300.0,0.0,11650.0,0.0,0.0,11650.0
2026-05,CUST-0118,CTR-00286,Acme US Inc,USD,0.0,3316.67,3316.67,0.0,0.0,0.0
2026-01,CUST-0118,CTR-00287,Acme US Inc,USD,0.0,14200.0,14200.0,0.0,0.0,0.0
2025-03,CUST-0119,CTR-00288,Acme US Inc,USD,0.0,3400.0,3400.0,0.0,0.0,0.0
2025-12,CUST-0119,CTR-00289,Acme US Inc,USD,0.0,5300.0,1766.67,0.0,0.0,3533.33
2026-01,CUST-0119,CTR-00289,Acme US Inc,USD,3533.33,0.0,1766.67,0.0,0.0,1766.66
2026-02,CUST-0119,CTR-00289,Acme US Inc,USD,1766.66,0.0,1766.67,0.0,0.0,-0.01
2026-03,CUST-0119,CTR-00289,Acme US Inc,USD,-0.01,5300.0,1766.67,0.0,0.0,3533.32
2026-04,CUST-0119,CTR-00289,Acme US Inc,USD,3533.32,0.0,1766.67,0.0,0.0,1766.65
2026-05,CUST-0119,CTR-00289,Acme US Inc,USD,1766.65,0.0,1766.67,0.0,0.0,-0.02
2025-07,CUST-0120,CTR-00293,Acme Argentina SA,ARS,0.0,99795454.55,99795454.55,0.0,0.0,0.0
2025-08,CUST-0120,CTR-00293,Acme Argentina SA,ARS,0.0,99795454.55,99795454.55,0.0,0.0,0.0
2025-09,CUST-0120,CTR-00293,Acme Argentina SA,ARS,0.0,99795454.55,99795454.55,0.0,0.0,0.0
2025-10,CUST-0120,CTR-00293,Acme Argentina SA,ARS,0.0,99795454.55,99795454.55,0.0,0.0,0.0
2025-11,CUST-0120,CTR-00293,Acme Argentina SA,ARS,0.0,99795454.55,99795454.55,0.0,0.0,0.0
2025-12,CUST-0120,CTR-00293,Acme Argentina SA,ARS,0.0,99795454.55,99795454.55,0.0,0.0,0.0
2026-01,CUST-0120,CTR-00293,Acme Argentina SA,ARS,0.0,99795454.55,99795454.55,0.0,0.0,0.0
2026-02,CUST-0120,CTR-00293,Acme Argentina SA,ARS,0.0,99795454.55,99795454.55,0.0,0.0,0.0
2026-03,CUST-0120,CTR-00293,Acme Argentina SA,ARS,0.0,99795454.55,99795454.55,0.0,0.0,0.0
2026-04,CUST-0120,CTR-00293,Acme Argentina SA,ARS,0.0,99795454.55,99795454.55,0.0,0.0,0.0
2026-05,CUST-0120,CTR-00293,Acme Argentina SA,ARS,0.0,99795454.55,99795454.55,0.0,0.0,0.0
2025-07,CUST-0120,CTR-00294,Acme Argentina SA,ARS,0.0,1576636363.64,131386363.64,0.0,0.0,1445250000.0
2025-08,CUST-0120,CTR-00294,Acme Argentina SA,ARS,1445250000.0,0.0,131386363.64,0.0,0.0,1313863636.36
2025-09,CUST-0120,CTR-00294,Acme Argentina SA,ARS,1313863636.36,0.0,131386363.64,0.0,0.0,1182477272.72
2025-10,CUST-0120,CTR-00294,Acme Argentina SA,ARS,1182477272.72,0.0,131386363.64,0.0,0.0,1051090909.08
2025-11,CUST-0120,CTR-00294,Acme Argentina SA,ARS,1051090909.08,0.0,131386363.64,0.0,0.0,919704545.44
2025-12,CUST-0120,CTR-00294,Acme Argentina SA,ARS,919704545.44,0.0,131386363.64,0.0,0.0,788318181.8
2026-01,CUST-0120,CTR-00294,Acme Argentina SA,ARS,788318181.8,0.0,131386363.64,0.0,0.0,656931818.16
2026-02,CUST-0120,CTR-00294,Acme Argentina SA,ARS,656931818.16,0.0,131386363.64,0.0,0.0,525545454.52
2026-03,CUST-0120,CTR-00294,Acme Argentina SA,ARS,525545454.52,0.0,131386363.64,0.0,0.0,394159090.88
2026-04,CUST-0120,CTR-00294,Acme Argentina SA,ARS,394159090.88,0.0,131386363.64,0.0,0.0,262772727.24
2026-05,CUST-0120,CTR-00294,Acme Argentina SA,ARS,262772727.24,0.0,131386363.64,0.0,0.0,131386363.6
2026-05,CUST-0121,CTR-00295,Acme US Inc,USD,0.0,3033.33,3033.33,0.0,0.0,0.0
2025-12,CUST-0121,CTR-00296,Acme US Inc,USD,0.0,699.53,699.53,0.0,0.0,0.0
2026-01,CUST-0121,CTR-00296,Acme US Inc,USD,0.0,829.32,829.32,0.0,0.0,0.0
2026-02,CUST-0121,CTR-00296,Acme US Inc,USD,0.0,695.22,695.22,0.0,0.0,0.0
2026-03,CUST-0121,CTR-00296,Acme US Inc,USD,0.0,869.71,869.71,0.0,0.0,0.0
2026-04,CUST-0121,CTR-00296,Acme US Inc,USD,0.0,834.77,834.77,0.0,0.0,0.0
2026-05,CUST-0121,CTR-00296,Acme US Inc,USD,0.0,778.13,778.13,0.0,0.0,0.0
2025-10,CUST-0122,CTR-00297,Acme EU GmbH,EUR,0.0,925.93,925.93,0.0,0.0,0.0
2025-11,CUST-0122,CTR-00297,Acme EU GmbH,EUR,0.0,925.93,925.93,0.0,0.0,0.0
2025-12,CUST-0122,CTR-00297,Acme EU GmbH,EUR,0.0,925.93,925.93,0.0,0.0,0.0
2026-01,CUST-0122,CTR-00297,Acme EU GmbH,EUR,0.0,925.93,925.93,0.0,0.0,0.0
2026-02,CUST-0122,CTR-00297,Acme EU GmbH,EUR,0.0,925.93,925.93,0.0,0.0,0.0
2026-03,CUST-0122,CTR-00297,Acme EU GmbH,EUR,0.0,925.93,925.93,0.0,0.0,0.0
2026-04,CUST-0122,CTR-00297,Acme EU GmbH,EUR,0.0,925.93,925.93,0.0,0.0,0.0
2026-05,CUST-0122,CTR-00297,Acme EU GmbH,EUR,0.0,925.93,925.93,0.0,0.0,0.0
2025-09,CUST-0123,CTR-00300,Acme US Inc,USD,0.0,64000.0,64000.0,0.0,0.0,0.0
2025-06,CUST-0124,CTR-00302,Acme Brasil Ltda,BRL,0.0,38875.0,12958.33,0.0,0.0,25916.67
2025-07,CUST-0124,CTR-00302,Acme Brasil Ltda,BRL,25916.67,0.0,12958.33,0.0,0.0,12958.34
2025-08,CUST-0124,CTR-00302,Acme Brasil Ltda,BRL,12958.34,0.0,12958.33,0.0,0.0,0.01
2025-09,CUST-0124,CTR-00302,Acme Brasil Ltda,BRL,0.01,38875.0,12958.33,0.0,0.0,25916.68
2025-10,CUST-0124,CTR-00302,Acme Brasil Ltda,BRL,25916.68,0.0,12958.33,0.0,0.0,12958.35
2025-11,CUST-0124,CTR-00302,Acme Brasil Ltda,BRL,12958.35,0.0,12958.33,0.0,0.0,0.02
2025-12,CUST-0124,CTR-00302,Acme Brasil Ltda,BRL,0.02,38875.0,12958.33,0.0,0.0,25916.69
2026-01,CUST-0124,CTR-00302,Acme Brasil Ltda,BRL,25916.69,0.0,12958.33,0.0,0.0,12958.36
2026-02,CUST-0124,CTR-00302,Acme Brasil Ltda,BRL,12958.36,0.0,12958.33,0.0,0.0,0.03
2026-03,CUST-0124,CTR-00302,Acme Brasil Ltda,BRL,0.03,38875.0,12958.33,0.0,0.0,25916.7
2026-04,CUST-0124,CTR-00302,Acme Brasil Ltda,BRL,25916.7,0.0,12958.33,0.0,0.0,12958.37
2026-05,CUST-0124,CTR-00302,Acme Brasil Ltda,BRL,12958.37,0.0,12958.33,0.0,0.0,0.04
2026-01,CUST-0124,CTR-00303,Acme Brasil Ltda,BRL,0.0,169561.58,169561.58,0.0,0.0,0.0
2026-02,CUST-0125,CTR-00304,Acme Brasil Ltda,BRL,0.0,2988500.0,2988500.0,0.0,0.0,0.0
2025-04,CUST-0125,CTR-00306,Acme Brasil Ltda,BRL,0.0,10266500.0,10266500.0,0.0,0.0,0.0
