cash_application_id,payment_id,bank_receipt_id,invoice_id,customer_id,applied_date,applied_amount,discount_taken,writeoff_amount,fx_gain_loss,application_status,unapplied_reason,created_at
CA-000001,PMT-000001,BR-000001,INV-000001,CUST-0001,2026-06-30,873210.89,0.0,0.0,0.0,applied,,2026-06-30
CA-000002,PMT-000002,BR-000002,INV-000003,CUST-0001,2025-07-03,4296532.5,0.0,0.0,0.0,applied,,2025-07-03
CA-000003,PMT-000003,BR-000003,INV-000004,CUST-0001,2025-08-06,4296532.5,42965.33,0.0,0.0,applied,,2025-08-06
CA-000004,PMT-000004,BR-000004,INV-000005,CUST-0001,2026-06-27,767715.0,0.0,0.0,0.0,applied,,2026-06-27
CA-000005,PMT-000005,BR-000005,INV-000008,CUST-0001,2025-10-05,9841455.0,0.0,0.0,0.0,applied,,2025-10-05
CA-000006,PMT-000006,BR-000006,INV-000010,CUST-0002,2025-05-29,22800.0,0.0,0.0,0.0,applied,,2025-05-29
CA-000007,PMT-000007,BR-000007,INV-000011,CUST-0002,2025-11-03,30964.45,0.0,0.0,0.0,applied,,2025-11-03
CA-000008,PMT-000008,BR-000008,INV-000013,CUST-0003,2026-06-30,0.0,0.0,0.0,0.0,unapplied,Remittance not identified,2026-06-30
CA-000009,PMT-000009,BR-000009,INV-000017,CUST-0005,2026-02-14,1407.41,0.0,0.0,0.0,applied,,2026-02-14
CA-000010,PMT-000010,BR-000010,INV-000018,CUST-0005,2026-02-20,1407.41,0.0,0.0,0.0,applied,,2026-02-20
CA-000011,PMT-000011,BR-000011,INV-000019,CUST-0005,2026-04-10,982.46,9.82,0.0,0.0,applied,,2026-04-10
CA-000012,PMT-000012,BR-000012,INV-000022,CUST-0007,2025-10-29,14150.0,0.0,0.0,0.0,applied,,2025-10-29
CA-000013,PMT-000013,BR-000013,INV-000023,CUST-0007,2025-09-03,11025.0,0.0,0.0,0.0,applied,,2025-09-03
CA-000014,PMT-000014,BR-000014,INV-000024,CUST-0007,2025-09-27,11025.0,0.0,0.0,0.0,applied,,2025-09-27
CA-000015,PMT-000015,BR-000015,INV-000025,CUST-0007,2025-11-06,11025.0,0.0,0.0,0.0,applied,,2025-11-06
CA-000016,PMT-000016,BR-000016,INV-000026,CUST-0007,2025-12-12,11025.0,0.0,0.0,0.0,applied,,2025-12-12
CA-000017,PMT-000017,BR-000017,INV-000027,CUST-0007,2025-12-12,11025.0,0.0,0.0,0.0,applied,,2025-12-12
CA-000018,PMT-000018,BR-000018,INV-000028,CUST-0007,2026-01-14,11025.0,0.0,0.0,0.0,applied,,2026-01-14
CA-000019,PMT-000019,BR-000019,INV-000029,CUST-0007,2026-02-23,11025.0,0.0,0.0,0.0,applied,,2026-02-23
CA-000020,PMT-000020,BR-000020,INV-000030,CUST-0007,2026-04-23,11025.0,0.0,0.0,0.0,applied,,2026-04-23
CA-000021,PMT-000021,BR-000021,INV-000031,CUST-0007,2026-04-11,11025.0,0.0,0.0,0.0,applied,,2026-04-11
CA-000022,PMT-000022,BR-000022,INV-000032,CUST-0007,2026-05-27,11025.0,0.0,0.0,0.0,applied,,2026-05-27
CA-000023,PMT-000023,BR-000023,INV-000035,CUST-0007,2026-04-01,17600.0,0.0,0.0,0.0,applied,,2026-04-01
CA-000024,PMT-000024,BR-000024,INV-000036,CUST-0007,2026-06-30,17600.0,0.0,0.0,0.0,applied,,2026-06-30
CA-000025,PMT-000025,BR-000025,INV-000037,CUST-0007,2025-09-02,22100.0,0.0,0.0,0.0,applied,,2025-09-02
CA-000026,PMT-000026,BR-000026,INV-000038,CUST-0008,2026-05-02,2859814.4,0.0,0.0,0.0,applied,,2026-05-02
CA-000027,PMT-000027,BR-000027,INV-000039,CUST-0009,2026-06-27,507685.03,0.0,0.0,0.0,applied,,2026-06-27
CA-000028,PMT-000028,BR-000028,INV-000040,CUST-0011,2025-10-29,623333.33,0.0,0.0,0.0,applied,,2025-10-29
CA-000029,PMT-000029,BR-000029,INV-000041,CUST-0011,2025-11-08,623333.33,0.0,0.0,0.0,applied,,2025-11-08
CA-000030,PMT-000030,BR-000030,INV-000042,CUST-0011,2026-01-06,623333.33,6233.33,0.0,-4.32,applied,,2026-01-06
CA-000031,PMT-000031,BR-000031,INV-000043,CUST-0011,2026-01-30,623333.33,0.0,0.0,0.0,applied,,2026-01-30
CA-000032,PMT-000032,BR-000032,INV-000044,CUST-0011,2026-02-10,623333.33,0.0,0.0,0.0,applied,,2026-02-10
CA-000033,PMT-000033,BR-000033,INV-000045,CUST-0011,2026-03-07,623333.33,0.0,0.0,0.0,applied,,2026-03-07
CA-000034,PMT-000034,BR-000034,INV-000046,CUST-0011,2026-04-25,623333.33,0.0,0.0,0.0,applied,,2026-04-25
CA-000035,PMT-000035,BR-000035,INV-000048,CUST-0011,2026-06-10,623333.33,0.0,0.0,0.0,applied,,2026-06-10
CA-000036,PMT-000036,BR-000036,INV-000049,CUST-0011,2026-06-30,623333.33,0.0,0.0,0.0,applied,,2026-06-30
CA-000037,PMT-000037,BR-000037,INV-000052,CUST-0011,2026-01-05,1792952.92,0.0,0.0,0.0,applied,,2026-01-05
CA-000038,PMT-000038,BR-000038,INV-000053,CUST-0011,2026-01-21,2289355.99,0.0,0.0,0.0,applied,,2026-01-21
CA-000039,PMT-000039,BR-000039,INV-000054,CUST-0011,2026-02-03,3045169.02,0.0,0.0,0.0,applied,,2026-02-03
CA-000040,PMT-000040,BR-000040,INV-000055,CUST-0011,2026-03-31,2466597.68,0.0,0.0,0.0,applied,,2026-03-31
CA-000041,PMT-000041,BR-000041,INV-000056,CUST-0011,2026-04-16,3036846.7,0.0,0.0,0.0,applied,,2026-04-16
CA-000042,PMT-000042,BR-000042,INV-000058,CUST-0011,2026-06-01,2381477.34,0.0,0.0,0.0,applied,,2026-06-01
CA-000043,PMT-000043,BR-000043,INV-000059,CUST-0011,2026-06-26,3113456.2,0.0,0.0,0.0,applied,,2026-06-26
CA-000044,PMT-000044,BR-000044,INV-000062,CUST-0011,2025-06-16,10340000.01,0.0,0.0,0.0,applied,,2025-06-16
CA-000045,PMT-000045,BR-000045,INV-000064,CUST-0012,2026-06-30,5388.89,53.89,0.0,0.0,applied,,2026-06-30
CA-000046,PMT-000046,BR-000046,INV-000065,CUST-0012,2026-02-10,6333.34,0.0,0.0,58.61,applied,,2026-02-10
CA-000047,PMT-000047,BR-000047,INV-000066,CUST-0013,2025-04-28,3277.78,0.0,0.0,0.0,applied,,2025-04-28
CA-000048,PMT-000048,BR-000048,INV-000067,CUST-0013,2025-07-01,0.0,0.0,0.0,0.0,unapplied,Remittance not identified,2025-07-01
CA-000049,PMT-000049,BR-000049,INV-000068,CUST-0013,2025-07-23,3277.78,0.0,0.0,53.0,applied,,2025-07-23
CA-000050,PMT-000050,BR-000050,INV-000070,CUST-0013,2025-10-02,3277.78,0.0,0.0,0.0,applied,,2025-10-02
CA-000051,PMT-000051,BR-000051,INV-000071,CUST-0013,2025-10-26,3277.78,0.0,0.0,3.98,applied,,2025-10-26
CA-000052,PMT-000052,BR-000052,INV-000072,CUST-0013,2025-11-12,3277.78,32.78,0.0,0.0,applied,,2025-11-12
CA-000053,PMT-000053,BR-000053,INV-000073,CUST-0013,2025-12-12,2669.87,0.0,0.0,0.0,applied,,2025-12-12
CA-000054,PMT-000054,BR-000054,INV-000074,CUST-0013,2026-01-27,3277.78,0.0,0.0,0.0,applied,,2026-01-27
CA-000055,PMT-000055,BR-000055,INV-000075,CUST-0013,2026-03-05,3277.78,0.0,0.0,0.0,applied,,2026-03-05
CA-000056,PMT-000056,BR-000056,INV-000076,CUST-0013,2026-03-09,3277.78,0.0,0.0,50.24,applied,,2026-03-09
CA-000057,PMT-000057,BR-000057,INV-000077,CUST-0013,2026-05-02,3277.78,0.0,0.0,-1.3,applied,,2026-05-02
CA-000058,PMT-000058,BR-000058,INV-000078,CUST-0013,2026-06-02,3277.78,0.0,0.0,37.61,applied,,2026-06-02
CA-000059,PMT-000059,BR-000059,INV-000079,CUST-0013,2026-05-25,3277.78,0.0,0.0,-37.95,applied,,2026-05-25
CA-000060,PMT-000060,BR-000060,INV-000082,CUST-0013,2026-04-27,3425.93,0.0,0.0,0.0,applied,,2026-04-27
CA-000061,PMT-000061,BR-000061,INV-000083,CUST-0013,2026-05-16,3425.93,0.0,0.0,0.0,applied,,2026-05-16
CA-000062,PMT-000062,BR-000062,INV-000084,CUST-0013,2026-06-15,3425.93,0.0,0.0,0.0,applied,,2026-06-15
CA-000063,PMT-000063,BR-000063,INV-000087,CUST-0014,2025-06-24,13599.75,0.0,0.0,0.0,applied,,2025-06-24
CA-000064,PMT-000064,BR-000064,INV-000088,CUST-0014,2025-08-05,14312.47,0.0,0.0,0.0,applied,,2025-08-05
CA-000065,PMT-000065,BR-000065,INV-000089,CUST-0014,2025-09-08,8718.5,0.0,0.0,0.0,applied,,2025-09-08
CA-000066,PMT-000066,BR-000066,INV-000090,CUST-0014,2025-08-25,14960.75,0.0,0.0,0.0,applied,,2025-08-25
CA-000067,PMT-000067,BR-000067,INV-000091,CUST-0014,2025-10-23,8449.47,0.0,0.0,0.0,applied,,2025-10-23
CA-000068,PMT-000068,BR-000068,INV-000092,CUST-0014,2025-10-30,11588.8,0.0,0.0,0.0,applied,,2025-10-30
CA-000069,PMT-000069,BR-000069,INV-000093,CUST-0014,2025-11-24,9959.97,0.0,0.0,0.0,applied,,2025-11-24
CA-000070,PMT-000070,BR-000070,INV-000094,CUST-0014,2026-01-02,11320.31,113.2,0.0,0.0,applied,,2026-01-02
CA-000071,PMT-000071,BR-000071,INV-000095,CUST-0014,2026-02-14,9011.71,0.0,0.0,0.0,applied,,2026-02-14
CA-000072,PMT-000072,BR-000072,INV-000096,CUST-0014,2026-03-31,14297.76,0.0,0.0,0.0,applied,,2026-03-31
CA-000073,PMT-000073,BR-000073,INV-000097,CUST-0014,2026-05-03,8900.35,0.0,0.0,0.0,applied,,2026-05-03
CA-000074,PMT-000074,BR-000074,INV-000098,CUST-0014,2026-06-02,12963.2,0.0,0.0,0.0,applied,,2026-06-02
CA-000075,PMT-000075,BR-000075,INV-000099,CUST-0014,2026-06-04,13724.67,0.0,0.0,0.0,applied,,2026-06-04
CA-000076,PMT-000076,BR-000076,INV-000100,CUST-0014,2026-06-23,10400.77,0.0,0.0,0.0,applied,,2026-06-23
CA-000077,PMT-000077,BR-000077,INV-000102,CUST-0014,2026-04-22,29725.0,0.0,0.0,0.0,applied,,2026-04-22
CA-000078,PMT-000078,BR-000078,INV-000103,CUST-0014,2026-06-30,29725.0,0.0,0.0,0.0,applied,,2026-06-30
CA-000079,PMT-000079,BR-000079,INV-000104,CUST-0015,2026-01-14,140600.0,0.0,0.0,0.0,applied,,2026-01-14
CA-000080,PMT-000080,BR-000080,INV-000105,CUST-0015,2026-03-03,140600.0,0.0,0.0,0.0,applied,,2026-03-03
CA-000081,PMT-000081,BR-000081,INV-000106,CUST-0016,2025-07-27,6900.0,0.0,0.0,0.0,applied,,2025-07-27
CA-000082,PMT-000082,BR-000082,INV-000107,CUST-0016,2025-08-26,6900.0,0.0,0.0,0.0,applied,,2025-08-26
CA-000083,PMT-000083,BR-000083,INV-000108,CUST-0016,2026-06-30,2533.33,0.0,0.0,0.0,applied,,2026-06-30
CA-000084,PMT-000084,BR-000084,INV-000109,CUST-0016,2026-06-30,2533.33,0.0,0.0,0.0,applied,,2026-06-30
CA-000085,PMT-000085,BR-000085,INV-000111,CUST-0017,2025-10-04,501976.62,0.0,0.0,0.0,applied,,2025-10-04
CA-000086,PMT-000086,BR-000086,INV-000112,CUST-0017,2026-01-17,578592.61,0.0,0.0,0.0,applied,,2026-01-17
CA-000087,PMT-000087,BR-000087,INV-000113,CUST-0017,2026-04-21,640125.03,0.0,0.0,0.0,applied,,2026-04-21
CA-000088,PMT-000088,BR-000088,INV-000114,CUST-0017,2026-06-30,0.0,0.0,0.0,0.0,unapplied,Remittance not identified,2026-06-30
CA-000089,PMT-000089,BR-000089,INV-000115,CUST-0017,2025-10-20,634432.5,6344.32,0.0,1951.18,applied,,2025-10-20
CA-000090,PMT-000090,BR-000090,INV-000116,CUST-0017,2025-11-05,634432.5,0.0,0.0,0.0,applied,,2025-11-05
CA-000091,PMT-000091,BR-000091,INV-000117,CUST-0018,2026-01-05,684250.0,0.0,0.0,0.0,applied,,2026-01-05
CA-000092,PMT-000092,BR-000092,INV-000118,CUST-0018,2026-03-10,684250.0,0.0,0.0,0.0,applied,,2026-03-10
CA-000093,PMT-000093,BR-000093,INV-000119,CUST-0018,2026-06-18,684250.0,0.0,0.0,0.0,applied,,2026-06-18
CA-000094,PMT-000094,BR-000094,INV-000121,CUST-0018,2025-05-24,628100.0,0.0,0.0,0.0,applied,,2025-05-24
CA-000095,PMT-000095,BR-000095,INV-000122,CUST-0018,2025-07-27,628100.0,0.0,0.0,0.0,applied,,2025-07-27
CA-000096,PMT-000096,BR-000096,INV-000123,CUST-0018,2025-11-24,628100.0,0.0,0.0,0.0,applied,,2025-11-24
CA-000097,PMT-000097,BR-000097,INV-000124,CUST-0018,2026-02-12,628100.0,0.0,0.0,0.0,applied,,2026-02-12
CA-000098,PMT-000098,BR-000098,INV-000125,CUST-0018,2026-06-01,628100.0,0.0,0.0,0.0,applied,,2026-06-01
CA-000099,PMT-000099,BR-000099,INV-000127,CUST-0020,2025-11-03,1700.22,0.0,0.0,0.0,applied,,2025-11-03
CA-000100,PMT-000100,BR-000100,INV-000128,CUST-0020,2025-11-24,2498.92,0.0,0.0,0.0,applied,,2025-11-24
CA-000101,PMT-000101,BR-000101,INV-000129,CUST-0020,2025-12-15,1992.89,0.0,0.0,0.0,applied,,2025-12-15
CA-000102,PMT-000102,BR-000102,INV-000130,CUST-0020,2026-01-04,1595.18,0.0,0.0,0.0,applied,,2026-01-04
CA-000103,PMT-000103,BR-000103,INV-000131,CUST-0020,2026-02-27,2555.83,0.0,0.0,0.0,applied,,2026-02-27
CA-000104,PMT-000104,BR-000104,INV-000132,CUST-0020,2026-03-02,2117.34,0.0,0.0,0.0,applied,,2026-03-02
CA-000105,PMT-000105,BR-000105,INV-000133,CUST-0020,2026-04-12,1935.29,0.0,0.0,0.0,applied,,2026-04-12
CA-000106,PMT-000106,BR-000106,INV-000134,CUST-0020,2026-04-30,1428.13,0.0,0.0,0.0,applied,,2026-04-30
CA-000107,PMT-000107,BR-000107,INV-000135,CUST-0020,2026-06-30,1467.08,0.0,0.0,0.0,applied,,2026-06-30
CA-000108,PMT-000108,BR-000108,INV-000136,CUST-0020,2026-06-30,1460.25,0.0,0.0,0.0,applied,,2026-06-30
CA-000109,PMT-000109,BR-000109,INV-000138,CUST-0020,2025-10-31,916.67,0.0,0.0,0.0,applied,,2025-10-31
CA-000110,PMT-000110,BR-000110,INV-000139,CUST-0020,2025-11-07,916.67,0.0,0.0,0.0,applied,,2025-11-07
CA-000111,PMT-000111,BR-000111,INV-000140,CUST-0020,2025-12-27,916.67,0.0,0.0,0.0,applied,,2025-12-27
CA-000112,PMT-000112,BR-000112,INV-000141,CUST-0020,2026-02-06,916.67,0.0,0.0,0.0,applied,,2026-02-06
CA-000113,PMT-000113,BR-000113,INV-000142,CUST-0020,2026-02-02,916.67,0.0,0.0,0.0,applied,,2026-02-02
CA-000114,PMT-000114,BR-000114,INV-000143,CUST-0020,2026-03-09,916.67,0.0,0.0,0.0,applied,,2026-03-09
CA-000115,PMT-000115,BR-000115,INV-000144,CUST-0020,2026-04-21,916.67,0.0,0.0,0.0,applied,,2026-04-21
CA-000116,PMT-000116,BR-000116,INV-000145,CUST-0020,2026-06-06,739.27,0.0,0.0,0.0,applied,,2026-06-06
CA-000117,PMT-000117,BR-000117,INV-000146,CUST-0020,2026-06-17,916.67,0.0,0.0,0.0,applied,,2026-06-17
CA-000118,PMT-000118,BR-000118,INV-000147,CUST-0020,2026-06-30,916.67,0.0,0.0,0.0,applied,,2026-06-30
CA-000119,PMT-000119,BR-000119,INV-000150,CUST-0021,2025-12-23,108300.0,1083.0,0.0,0.0,applied,,2025-12-23
CA-000120,PMT-000120,BR-000120,INV-000151,CUST-0021,2025-09-09,25300.0,0.0,0.0,0.0,applied,,2025-09-09
CA-000121,PMT-000121,BR-000121,INV-000152,CUST-0022,2026-02-01,158535.0,0.0,0.0,0.0,applied,,2026-02-01
CA-000122,PMT-000122,BR-000122,INV-000153,CUST-0023,2026-05-07,41175.0,0.0,0.0,0.0,applied,,2026-05-07
CA-000123,PMT-000123,BR-000123,INV-000154,CUST-0023,2026-06-16,41175.0,0.0,0.0,0.0,applied,,2026-06-16
CA-000124,PMT-000124,BR-000124,INV-000155,CUST-0023,2026-06-30,41175.0,0.0,0.0,0.0,applied,,2026-06-30
CA-000125,PMT-000125,BR-000125,INV-000158,CUST-0023,2026-05-15,84100.0,0.0,0.0,0.0,applied,,2026-05-15
CA-000126,PMT-000126,BR-000126,INV-000159,CUST-0023,2025-09-22,277400.0,0.0,0.0,0.0,applied,,2025-09-22
CA-000127,PMT-000127,BR-000127,INV-000164,CUST-0025,2025-09-14,42638.89,0.0,0.0,0.0,applied,,2025-09-14
CA-000128,PMT-000128,BR-000128,INV-000165,CUST-0025,2025-11-13,0.0,0.0,0.0,0.0,unapplied,Remittance not identified,2025-11-13
CA-000129,PMT-000129,BR-000129,INV-000166,CUST-0025,2026-03-24,42638.89,0.0,0.0,0.0,applied,,2026-03-24
CA-000130,PMT-000130,BR-000130,INV-000167,CUST-0025,2026-05-26,42638.89,0.0,0.0,0.0,applied,,2026-05-26
CA-000131,PMT-000131,BR-000131,INV-000168,CUST-0025,2026-06-30,42638.89,426.39,0.0,505.39,applied,,2026-06-30
CA-000132,PMT-000132,BR-000132,INV-000169,CUST-0026,2026-05-28,1023100.0,0.0,0.0,0.0,applied,,2026-05-28
CA-000133,PMT-000133,BR-000133,INV-000170,CUST-0026,2025-09-18,1238600.0,0.0,0.0,0.0,applied,,2025-09-18
CA-000134,PMT-000134,BR-000134,INV-000171,CUST-0026,2025-10-21,1238600.0,0.0,0.0,0.0,applied,,2025-10-21
CA-000135,PMT-000135,BR-000135,INV-000172,CUST-0026,2026-06-30,91033.33,0.0,0.0,0.0,applied,,2026-06-30
CA-000136,PMT-000136,BR-000136,INV-000173,CUST-0027,2026-03-09,12800.0,0.0,0.0,0.0,applied,,2026-03-09
CA-000137,PMT-000137,BR-000137,INV-000174,CUST-0028,2026-04-07,67675.0,0.0,0.0,0.0,applied,,2026-04-07
CA-000138,PMT-000138,BR-000138,INV-000175,CUST-0028,2026-06-30,67675.0,0.0,0.0,0.0,applied,,2026-06-30
CA-000139,PMT-000139,BR-000139,INV-000176,CUST-0028,2025-07-26,32232.68,0.0,0.0,0.0,applied,,2025-07-26
CA-000140,PMT-000140,BR-000140,INV-000178,CUST-0028,2025-09-20,22289.49,0.0,0.0,0.0,applied,,2025-09-20
CA-000141,PMT-000141,BR-000141,INV-000179,CUST-0028,2025-11-03,36614.08,0.0,0.0,0.0,applied,,2025-11-03
CA-000142,PMT-000142,BR-000142,INV-000180,CUST-0028,2025-11-30,36533.39,0.0,0.0,0.0,applied,,2025-11-30
CA-000143,PMT-000143,BR-000143,INV-000181,CUST-0028,2025-12-14,22429.6,0.0,0.0,0.0,applied,,2025-12-14
CA-000144,PMT-000144,BR-000144,INV-000182,CUST-0028,2026-01-08,34979.57,0.0,0.0,0.0,applied,,2026-01-08
CA-000145,PMT-000145,BR-000145,INV-000183,CUST-0028,2026-01-27,31433.95,314.34,0.0,0.0,applied,,2026-01-27
CA-000146,PMT-000146,BR-000146,INV-000184,CUST-0028,2026-03-15,38370.25,0.0,0.0,0.0,applied,,2026-03-15
CA-000147,PMT-000147,BR-000147,INV-000185,CUST-0028,2026-05-05,26815.96,0.0,0.0,0.0,applied,,2026-05-05
CA-000148,PMT-000148,BR-000148,INV-000187,CUST-0028,2026-06-29,36150.84,0.0,0.0,0.0,applied,,2026-06-29
CA-000149,PMT-000149,BR-000149,INV-000188,CUST-0028,2026-06-30,28447.81,284.48,0.0,0.0,applied,,2026-06-30
CA-000150,PMT-000150,BR-000150,INV-000190,CUST-0029,2026-06-28,2806000.0,0.0,0.0,2035.6,applied,,2026-06-28
CA-000151,PMT-000151,BR-000151,INV-000191,CUST-0029,2026-04-08,263597.52,0.0,0.0,0.0,applied,,2026-04-08
CA-000152,PMT-000152,BR-000152,INV-000192,CUST-0029,2026-06-23,256798.72,2567.99,0.0,0.0,applied,,2026-06-23
CA-000153,PMT-000153,BR-000153,INV-000193,CUST-0029,2026-03-30,1896000.0,0.0,0.0,0.0,applied,,2026-03-30
CA-000154,PMT-000154,BR-000154,INV-000194,CUST-0030,2026-01-15,416475.0,0.0,0.0,0.0,applied,,2026-01-15
CA-000155,PMT-000155,BR-000155,INV-000195,CUST-0030,2026-05-06,416475.0,0.0,0.0,0.0,applied,,2026-05-06
CA-000156,PMT-000156,BR-000156,INV-000197,CUST-0030,2025-08-13,669100.99,0.0,0.0,0.0,applied,,2025-08-13
CA-000157,PMT-000157,BR-000157,INV-000198,CUST-0030,2025-10-19,463909.96,0.0,0.0,0.0,applied,,2025-10-19
CA-000158,PMT-000158,BR-000158,INV-000199,CUST-0030,2026-01-24,425464.93,0.0,0.0,0.0,applied,,2026-01-24
CA-000159,PMT-000159,BR-000159,INV-000200,CUST-0030,2026-05-23,449777.22,0.0,0.0,0.0,applied,,2026-05-23
CA-000160,PMT-000160,BR-000160,INV-000203,CUST-0031,2025-05-15,53139.49,0.0,0.0,0.0,applied,,2025-05-15
CA-000161,PMT-000161,BR-000161,INV-000204,CUST-0031,2025-06-08,71667.52,0.0,0.0,0.0,applied,,2025-06-08
CA-000162,PMT-000162,BR-000162,INV-000205,CUST-0031,2025-07-10,59666.2,0.0,0.0,0.0,applied,,2025-07-10
CA-000163,PMT-000163,BR-000163,INV-000207,CUST-0031,2025-09-18,55944.37,0.0,0.0,0.0,applied,,2025-09-18
CA-000164,PMT-000164,BR-000164,INV-000208,CUST-0031,2025-11-01,72806.14,0.0,0.0,745.28,applied,,2025-11-01
CA-000165,PMT-000165,BR-000165,INV-000209,CUST-0031,2025-10-30,55653.46,0.0,0.0,0.0,applied,,2025-10-30
CA-000166,PMT-000166,BR-000166,INV-000210,CUST-0031,2025-12-23,54159.83,0.0,0.0,0.0,applied,,2025-12-23
CA-000167,PMT-000167,BR-000167,INV-000211,CUST-0031,2026-02-01,76466.93,0.0,0.0,0.0,applied,,2026-02-01
CA-000168,PMT-000168,BR-000168,INV-000212,CUST-0031,2026-03-06,66034.86,0.0,0.0,0.0,applied,,2026-03-06
CA-000169,PMT-000169,BR-000169,INV-000213,CUST-0031,2026-04-06,64610.39,0.0,0.0,-195.67,applied,,2026-04-06
CA-000170,PMT-000170,BR-000170,INV-000214,CUST-0031,2026-04-17,41890.85,0.0,0.0,0.0,applied,,2026-04-17
CA-000171,PMT-000171,BR-000171,INV-000215,CUST-0031,2026-05-07,44742.53,447.43,0.0,0.0,applied,,2026-05-07
CA-000172,PMT-000172,BR-000172,INV-000216,CUST-0031,2026-06-19,68883.95,0.0,0.0,0.0,applied,,2026-06-19
CA-000173,PMT-000173,BR-000173,INV-000217,CUST-0031,2026-06-30,64256.17,0.0,0.0,0.0,applied,,2026-06-30
CA-000174,PMT-000174,BR-000174,INV-000220,CUST-0031,2026-01-24,106724.41,0.0,0.0,-19.68,applied,,2026-01-24
CA-000175,PMT-000175,BR-000175,INV-000221,CUST-0031,2025-10-14,38220.47,0.0,0.0,0.0,applied,,2025-10-14
CA-000176,PMT-000176,BR-000176,INV-000222,CUST-0031,2025-10-29,38220.47,0.0,0.0,0.0,applied,,2025-10-29
CA-000177,PMT-000177,BR-000177,INV-000223,CUST-0031,2026-01-05,38220.47,0.0,0.0,0.0,applied,,2026-01-05
CA-000178,PMT-000178,BR-000178,INV-000224,CUST-0031,2026-01-09,38220.47,0.0,0.0,0.0,applied,,2026-01-09
CA-000179,PMT-000179,BR-000179,INV-000225,CUST-0031,2026-03-06,38220.47,0.0,0.0,643.52,applied,,2026-03-06
CA-000180,PMT-000180,BR-000180,INV-000226,CUST-0031,2026-03-31,38220.47,0.0,0.0,-838.59,applied,,2026-03-31
CA-000181,PMT-000181,BR-000181,INV-000228,CUST-0031,2026-05-07,38220.47,0.0,0.0,0.0,applied,,2026-05-07
CA-000182,PMT-000182,BR-000182,INV-000229,CUST-0031,2026-06-02,38220.47,0.0,0.0,0.0,applied,,2026-06-02
CA-000183,PMT-000183,BR-000183,INV-000230,CUST-0031,2026-06-24,38220.47,0.0,0.0,0.0,applied,,2026-06-24
CA-000184,PMT-000184,BR-000184,INV-000232,CUST-0031,2026-02-17,244157.48,0.0,0.0,0.0,applied,,2026-02-17
CA-000185,PMT-000185,BR-000185,INV-000234,CUST-0032,2025-11-07,18555.55,0.0,0.0,0.0,applied,,2025-11-07
CA-000186,PMT-000186,BR-000186,INV-000235,CUST-0032,2025-12-25,12473.77,0.0,0.0,37.88,applied,,2025-12-25
CA-000187,PMT-000187,BR-000187,INV-000236,CUST-0032,2026-01-03,18555.55,0.0,0.0,43.04,applied,,2026-01-03
CA-000188,PMT-000188,BR-000188,INV-000237,CUST-0032,2026-01-30,16527.78,0.0,0.0,0.0,applied,,2026-01-30
CA-000189,PMT-000189,BR-000189,INV-000238,CUST-0032,2026-01-29,16527.78,0.0,0.0,266.82,applied,,2026-01-29
CA-000190,PMT-000190,BR-000190,INV-000239,CUST-0032,2026-03-09,16527.78,0.0,0.0,-118.54,applied,,2026-03-09
CA-000191,PMT-000191,BR-000191,INV-000240,CUST-0032,2026-04-09,16527.78,0.0,0.0,0.0,applied,,2026-04-09
CA-000192,PMT-000192,BR-000192,INV-000241,CUST-0032,2026-04-22,16527.78,0.0,0.0,0.0,applied,,2026-04-22
CA-000193,PMT-000193,BR-000193,INV-000242,CUST-0032,2026-05-25,16527.78,0.0,0.0,0.0,applied,,2026-05-25
CA-000194,PMT-000194,BR-000194,INV-000243,CUST-0032,2026-06-24,16527.78,0.0,0.0,0.0,applied,,2026-06-24
CA-000195,PMT-000195,BR-000195,INV-000245,CUST-0033,2026-03-15,1579100.0,0.0,0.0,0.0,applied,,2026-03-15
CA-000196,PMT-000196,BR-000196,INV-000246,CUST-0033,2025-07-31,450950.0,0.0,0.0,0.0,applied,,2025-07-31
CA-000197,PMT-000197,BR-000197,INV-000247,CUST-0033,2025-08-11,450950.0,0.0,0.0,0.0,applied,,2025-08-11
CA-000198,PMT-000198,BR-000198,INV-000248,CUST-0033,2025-11-06,215933.33,0.0,0.0,0.0,applied,,2025-11-06
CA-000199,PMT-000199,BR-000199,INV-000249,CUST-0033,2025-12-21,215933.33,0.0,0.0,0.0,applied,,2025-12-21
CA-000200,PMT-000200,BR-000200,INV-000250,CUST-0033,2025-12-31,215933.33,0.0,0.0,0.0,applied,,2025-12-31
CA-000201,PMT-000201,BR-000201,INV-000251,CUST-0033,2026-02-03,215933.33,0.0,0.0,0.0,applied,,2026-02-03
CA-000202,PMT-000202,BR-000202,INV-000252,CUST-0033,2026-03-05,215933.33,0.0,0.0,0.0,applied,,2026-03-05
CA-000203,PMT-000203,BR-000203,INV-000253,CUST-0033,2026-03-17,189924.68,0.0,0.0,0.0,applied,,2026-03-17
CA-000204,PMT-000204,BR-000204,INV-000254,CUST-0033,2026-04-29,215933.33,0.0,0.0,0.0,applied,,2026-04-29
CA-000205,PMT-000205,BR-000205,INV-000255,CUST-0033,2026-05-21,215933.33,0.0,0.0,0.0,applied,,2026-05-21
CA-000206,PMT-000206,BR-000206,INV-000256,CUST-0033,2026-06-30,215933.33,0.0,0.0,0.0,applied,,2026-06-30
CA-000207,PMT-000207,BR-000207,INV-000260,CUST-0034,2026-06-25,694.44,0.0,0.0,0.0,applied,,2026-06-25
CA-000208,PMT-000208,BR-000208,INV-000261,CUST-0034,2026-06-30,694.44,0.0,0.0,0.0,applied,,2026-06-30
CA-000209,PMT-000209,BR-000209,INV-000262,CUST-0034,2026-06-30,694.44,0.0,0.0,0.0,applied,,2026-06-30
CA-000210,PMT-000210,BR-000210,INV-000263,CUST-0034,2026-06-30,694.44,0.0,0.0,0.0,applied,,2026-06-30
CA-000211,PMT-000211,BR-000211,INV-000264,CUST-0035,2026-05-31,3900.0,0.0,0.0,0.0,applied,,2026-05-31
CA-000212,PMT-000212,BR-000212,INV-000266,CUST-0036,2025-11-23,7824.07,0.0,0.0,0.0,applied,,2025-11-23
CA-000213,PMT-000213,BR-000213,INV-000267,CUST-0036,2025-12-13,7824.07,0.0,0.0,0.0,applied,,2025-12-13
CA-000214,PMT-000214,BR-000214,INV-000268,CUST-0036,2026-01-13,7824.07,0.0,0.0,0.0,applied,,2026-01-13
CA-000215,PMT-000215,BR-000215,INV-000269,CUST-0036,2026-01-31,7824.07,0.0,0.0,0.0,applied,,2026-01-31
CA-000216,PMT-000216,BR-000216,INV-000270,CUST-0036,2026-03-22,7824.07,0.0,0.0,96.25,applied,,2026-03-22
CA-000217,PMT-000217,BR-000217,INV-000271,CUST-0036,2026-03-29,6176.04,0.0,0.0,0.0,applied,,2026-03-29
CA-000218,PMT-000218,BR-000218,INV-000272,CUST-0036,2026-04-09,7824.07,0.0,0.0,0.0,applied,,2026-04-09
CA-000219,PMT-000219,BR-000219,INV-000273,CUST-0036,2026-06-15,7824.07,0.0,0.0,-149.0,applied,,2026-06-15
CA-000220,PMT-000220,BR-000220,INV-000274,CUST-0036,2026-06-25,7824.07,0.0,0.0,0.0,applied,,2026-06-25
CA-000221,PMT-000221,BR-000221,INV-000276,CUST-0036,2025-12-16,7797.53,0.0,0.0,0.0,applied,,2025-12-16
CA-000222,PMT-000222,BR-000222,INV-000278,CUST-0036,2026-03-19,9595.06,0.0,0.0,0.0,applied,,2026-03-19
CA-000223,PMT-000223,BR-000223,INV-000279,CUST-0036,2026-04-02,11962.85,0.0,0.0,0.0,applied,,2026-04-02
CA-000224,PMT-000224,BR-000224,INV-000280,CUST-0036,2026-05-16,8159.35,0.0,0.0,-154.09,applied,,2026-05-16
CA-000225,PMT-000225,BR-000225,INV-000281,CUST-0036,2026-06-13,9914.53,0.0,0.0,0.0,applied,,2026-06-13
CA-000226,PMT-000226,BR-000226,INV-000284,CUST-0036,2026-01-26,4990.52,0.0,0.0,0.0,applied,,2026-01-26
CA-000227,PMT-000227,BR-000227,INV-000285,CUST-0036,2026-02-25,3472.16,0.0,0.0,0.0,applied,,2026-02-25
CA-000228,PMT-000228,BR-000228,INV-000287,CUST-0036,2026-04-24,3885.96,0.0,0.0,0.0,applied,,2026-04-24
CA-000229,PMT-000229,BR-000229,INV-000288,CUST-0036,2026-05-25,3299.65,0.0,0.0,42.67,applied,,2026-05-25
CA-000230,PMT-000230,BR-000230,INV-000289,CUST-0036,2026-06-30,4195.24,0.0,0.0,0.0,applied,,2026-06-30
CA-000231,PMT-000231,BR-000231,INV-000292,CUST-0037,2026-01-29,15444.44,0.0,0.0,0.0,applied,,2026-01-29
CA-000232,PMT-000232,BR-000232,INV-000293,CUST-0037,2026-04-24,3462.96,0.0,0.0,0.0,applied,,2026-04-24
CA-000233,PMT-000233,BR-000233,INV-000294,CUST-0037,2026-05-20,3462.96,0.0,0.0,0.0,applied,,2026-05-20
CA-000234,PMT-000234,BR-000234,INV-000295,CUST-0037,2026-05-21,3462.96,0.0,0.0,0.0,applied,,2026-05-21
CA-000235,PMT-000235,BR-000235,INV-000296,CUST-0037,2026-06-30,3462.96,0.0,0.0,0.0,applied,,2026-06-30
CA-000236,PMT-000236,BR-000236,INV-000298,CUST-0038,2026-05-28,1526333.33,0.0,0.0,-31284.93,applied,,2026-05-28
CA-000237,PMT-000237,BR-000237,INV-000299,CUST-0038,2026-05-12,2810333.33,0.0,0.0,-50757.58,applied,,2026-05-12
CA-000238,PMT-000238,BR-000238,INV-000300,CUST-0039,2026-03-13,16400.0,0.0,0.0,0.0,applied,,2026-03-13
CA-000239,PMT-000239,BR-000239,INV-000301,CUST-0039,2026-01-24,7200.0,0.0,0.0,0.0,applied,,2026-01-24
CA-000240,PMT-000240,BR-000240,INV-000303,CUST-0039,2025-10-15,9366.67,0.0,0.0,0.0,applied,,2025-10-15
CA-000241,PMT-000241,BR-000241,INV-000304,CUST-0039,2025-11-26,9366.67,0.0,0.0,0.0,applied,,2025-11-26
CA-000242,PMT-000242,BR-000242,INV-000305,CUST-0040,2026-01-27,390390000.0,0.0,0.0,6989.75,applied,,2026-01-27
CA-000243,PMT-000243,BR-000243,INV-000306,CUST-0040,2025-09-06,193160000.0,0.0,0.0,0.0,applied,,2025-09-06
CA-000244,PMT-000244,BR-000244,INV-000307,CUST-0042,2026-05-17,9471.52,94.72,0.0,0.0,applied,,2026-05-17
CA-000245,PMT-000245,BR-000245,INV-000310,CUST-0043,2026-01-14,82168.4,821.68,0.0,0.0,applied,,2026-01-14
CA-000246,PMT-000246,BR-000246,INV-000312,CUST-0043,2026-02-16,76727.27,767.27,0.0,-245.5,applied,,2026-02-16
CA-000247,PMT-000247,BR-000247,INV-000313,CUST-0043,2026-04-21,63535.54,0.0,0.0,0.0,applied,,2026-04-21
CA-000248,PMT-000248,BR-000248,INV-000314,CUST-0043,2026-05-21,55141.97,0.0,0.0,0.0,applied,,2026-05-21
CA-000249,PMT-000249,BR-000249,INV-000315,CUST-0043,2026-05-30,56783.88,0.0,0.0,-1193.54,applied,,2026-05-30
CA-000250,PMT-000250,BR-000250,INV-000316,CUST-0043,2026-06-17,65260.76,0.0,0.0,0.0,applied,,2026-06-17
CA-000251,PMT-000251,BR-000251,INV-000319,CUST-0043,2025-07-06,143905.51,0.0,0.0,0.0,applied,,2025-07-06
CA-000252,PMT-000252,BR-000252,INV-000320,CUST-0044,2026-04-04,1700.0,0.0,0.0,0.0,applied,,2026-04-04
CA-000253,PMT-000253,BR-000253,INV-000321,CUST-0044,2026-04-02,1700.0,0.0,0.0,0.0,applied,,2026-04-02
CA-000254,PMT-000254,BR-000254,INV-000322,CUST-0044,2026-05-28,1700.0,0.0,0.0,0.0,applied,,2026-05-28
CA-000255,PMT-000255,BR-000255,INV-000323,CUST-0044,2026-05-25,1700.0,0.0,0.0,0.0,applied,,2026-05-25
CA-000256,PMT-000256,BR-000256,INV-000324,CUST-0044,2026-06-30,1700.0,17.0,0.0,0.0,applied,,2026-06-30
CA-000257,PMT-000257,BR-000257,INV-000326,CUST-0044,2026-04-02,1133.33,0.0,0.0,0.0,applied,,2026-04-02
CA-000258,PMT-000258,BR-000258,INV-000327,CUST-0044,2026-03-25,1133.33,11.33,0.0,0.0,applied,,2026-03-25
CA-000259,PMT-000259,BR-000259,INV-000328,CUST-0044,2026-05-04,1133.33,0.0,0.0,0.0,applied,,2026-05-04
CA-000260,PMT-000260,BR-000260,INV-000329,CUST-0044,2026-06-04,1133.33,0.0,0.0,0.0,applied,,2026-06-04
CA-000261,PMT-000261,BR-000261,INV-000331,CUST-0044,2026-06-30,1133.33,0.0,0.0,0.0,applied,,2026-06-30
CA-000262,PMT-000262,BR-000262,INV-000332,CUST-0044,2025-09-29,12100.0,0.0,0.0,0.0,applied,,2025-09-29
CA-000263,PMT-000263,BR-000263,INV-000333,CUST-0044,2025-10-16,12100.0,0.0,0.0,0.0,applied,,2025-10-16
CA-000264,PMT-000264,BR-000264,INV-000334,CUST-0045,2025-11-01,110100.0,0.0,0.0,0.0,applied,,2025-11-01
CA-000265,PMT-000265,BR-000265,INV-000335,CUST-0045,2026-01-16,110100.0,0.0,0.0,0.0,applied,,2026-01-16
CA-000266,PMT-000266,BR-000266,INV-000336,CUST-0045,2026-04-18,110100.0,0.0,0.0,0.0,applied,,2026-04-18
CA-000267,PMT-000267,BR-000267,INV-000338,CUST-0045,2026-05-07,69514.48,0.0,0.0,0.0,applied,,2026-05-07
CA-000268,PMT-000268,BR-000268,INV-000339,CUST-0045,2026-05-24,60421.58,0.0,0.0,0.0,applied,,2026-05-24
CA-000269,PMT-000269,BR-000269,INV-000340,CUST-0045,2026-06-10,52179.23,521.79,0.0,0.0,applied,,2026-06-10
CA-000270,PMT-000270,BR-000270,INV-000342,CUST-0045,2026-03-12,96955.29,0.0,0.0,0.0,applied,,2026-03-12
CA-000271,PMT-000271,BR-000271,INV-000343,CUST-0045,2026-05-20,57667.43,0.0,0.0,0.0,applied,,2026-05-20
CA-000272,PMT-000272,BR-000272,INV-000344,CUST-0046,2026-02-15,207999.99,0.0,0.0,0.0,applied,,2026-02-15
CA-000273,PMT-000273,BR-000273,INV-000345,CUST-0046,2025-12-24,428000.0,0.0,0.0,343.21,applied,,2025-12-24
CA-000274,PMT-000274,BR-000274,INV-000346,CUST-0047,2026-05-04,1190000.0,0.0,0.0,346.72,applied,,2026-05-04
CA-000275,PMT-000275,BR-000275,INV-000347,CUST-0047,2026-06-30,862000.0,0.0,0.0,-455.95,applied,,2026-06-30
CA-000276,PMT-000276,BR-000276,INV-000348,CUST-0048,2026-01-10,48944.88,0.0,0.0,0.0,applied,,2026-01-10
CA-000277,PMT-000277,BR-000277,INV-000349,CUST-0048,2025-11-24,13809.62,0.0,0.0,0.0,applied,,2025-11-24
CA-000278,PMT-000278,BR-000278,INV-000350,CUST-0048,2026-01-19,10307.46,0.0,0.0,0.0,applied,,2026-01-19
CA-000279,PMT-000279,BR-000279,INV-000351,CUST-0048,2026-01-24,9261.49,0.0,0.0,138.65,applied,,2026-01-24
CA-000280,PMT-000280,BR-000280,INV-000352,CUST-0048,2026-02-16,11566.27,0.0,0.0,0.0,applied,,2026-02-16
CA-000281,PMT-000281,BR-000281,INV-000353,CUST-0048,2026-04-15,9192.34,0.0,0.0,0.0,applied,,2026-04-15
CA-000282,PMT-000282,BR-000282,INV-000354,CUST-0048,2026-05-01,12845.54,0.0,0.0,0.0,applied,,2026-05-01
CA-000283,PMT-000283,BR-000283,INV-000355,CUST-0048,2026-05-30,8888.76,0.0,0.0,0.0,applied,,2026-05-30
CA-000284,PMT-000284,BR-000284,INV-000356,CUST-0048,2026-06-14,13093.56,0.0,0.0,0.0,applied,,2026-06-14
CA-000285,PMT-000285,BR-000285,INV-000359,CUST-0048,2026-05-18,7228.34,0.0,0.0,-121.62,applied,,2026-05-18
CA-000286,PMT-000286,BR-000286,INV-000360,CUST-0048,2026-06-12,7228.34,0.0,0.0,0.0,applied,,2026-06-12
CA-000287,PMT-000287,BR-000287,INV-000361,CUST-0048,2026-02-09,39962.42,0.0,0.0,0.0,applied,,2026-02-09
CA-000288,PMT-000288,BR-000288,INV-000362,CUST-0049,2025-10-26,2371005.0,0.0,0.0,0.0,applied,,2025-10-26
CA-000289,PMT-000289,BR-000289,INV-000363,CUST-0049,2026-01-29,4309110.0,0.0,0.0,0.0,applied,,2026-01-29
CA-000290,PMT-000290,BR-000290,INV-000364,CUST-0049,2026-01-03,144105.0,0.0,0.0,0.0,applied,,2026-01-03
CA-000291,PMT-000291,BR-000291,INV-000365,CUST-0049,2026-01-22,144105.0,0.0,0.0,0.0,applied,,2026-01-22
CA-000292,PMT-000292,BR-000292,INV-000366,CUST-0049,2026-02-18,144105.0,1441.05,0.0,0.0,applied,,2026-02-18
CA-000293,PMT-000293,BR-000293,INV-000367,CUST-0049,2026-03-02,144105.0,0.0,0.0,-42.93,applied,,2026-03-02
CA-000294,PMT-000294,BR-000294,INV-000368,CUST-0049,2026-05-08,144105.0,0.0,0.0,-564.48,applied,,2026-05-08
CA-000295,PMT-000295,BR-000295,INV-000369,CUST-0049,2026-05-01,144105.0,0.0,0.0,0.0,applied,,2026-05-01
CA-000296,PMT-000296,BR-000296,INV-000370,CUST-0049,2026-06-30,144105.0,0.0,0.0,342.0,applied,,2026-06-30
CA-000297,PMT-000297,BR-000297,INV-000371,CUST-0049,2026-06-30,144105.0,0.0,0.0,0.0,applied,,2026-06-30
CA-000298,PMT-000298,BR-000298,INV-000372,CUST-0049,2026-06-30,144105.0,0.0,0.0,-171.3,applied,,2026-06-30
CA-000299,PMT-000299,BR-000299,INV-000374,CUST-0049,2026-03-19,4841460.0,0.0,0.0,0.0,applied,,2026-03-19
CA-000300,PMT-000300,BR-000300,INV-000375,CUST-0050,2025-06-26,1833.33,18.33,0.0,0.0,applied,,2025-06-26
CA-000301,PMT-000301,BR-000301,INV-000376,CUST-0050,2025-08-24,1833.33,0.0,0.0,0.0,applied,,2025-08-24
CA-000302,PMT-000302,BR-000302,INV-000377,CUST-0050,2025-09-16,1833.33,0.0,0.0,0.0,applied,,2025-09-16
CA-000303,PMT-000303,BR-000303,INV-000378,CUST-0050,2025-08-21,3800.0,0.0,0.0,0.0,applied,,2025-08-21
CA-000304,PMT-000304,BR-000304,INV-000379,CUST-0050,2025-09-03,2693.15,0.0,0.0,0.0,applied,,2025-09-03
CA-000305,PMT-000305,BR-000305,INV-000380,CUST-0050,2026-01-01,2100.0,0.0,0.0,0.0,applied,,2026-01-01
CA-000306,PMT-000306,BR-000306,INV-000382,CUST-0050,2026-06-01,2100.0,0.0,0.0,0.0,applied,,2026-06-01
CA-000307,PMT-000307,BR-000307,INV-000383,CUST-0052,2025-05-22,383300.0,0.0,0.0,0.0,applied,,2025-05-22
CA-000308,PMT-000308,BR-000308,INV-000385,CUST-0053,2026-06-30,5896.08,0.0,0.0,0.0,applied,,2026-06-30
CA-000309,PMT-000309,BR-000309,INV-000386,CUST-0054,2026-01-02,31175.0,0.0,0.0,0.0,applied,,2026-01-02
CA-000310,PMT-000310,BR-000310,INV-000387,CUST-0054,2026-04-09,31175.0,0.0,0.0,0.0,applied,,2026-04-09
CA-000311,PMT-000311,BR-000311,INV-000388,CUST-0054,2026-06-20,31175.0,0.0,0.0,0.0,applied,,2026-06-20
CA-000312,PMT-000312,BR-000312,INV-000389,CUST-0054,2026-03-15,161200.0,0.0,0.0,0.0,applied,,2026-03-15
CA-000313,PMT-000313,BR-000313,INV-000390,CUST-0054,2026-02-26,28900.0,0.0,0.0,0.0,applied,,2026-02-26
CA-000314,PMT-000314,BR-000314,INV-000391,CUST-0054,2026-04-06,28900.0,0.0,0.0,0.0,applied,,2026-04-06
CA-000315,PMT-000315,BR-000315,INV-000392,CUST-0055,2025-11-15,703.48,0.0,0.0,0.0,applied,,2025-11-15
CA-000316,PMT-000316,BR-000316,INV-000393,CUST-0055,2025-12-30,704.02,0.0,0.0,0.0,applied,,2025-12-30
CA-000317,PMT-000317,BR-000317,INV-000394,CUST-0055,2026-01-17,624.74,0.0,0.0,-1.14,applied,,2026-01-17
CA-000318,PMT-000318,BR-000318,INV-000395,CUST-0055,2026-03-13,591.5,0.0,0.0,0.0,applied,,2026-03-13
CA-000319,PMT-000319,BR-000319,INV-000396,CUST-0055,2026-03-20,802.97,0.0,0.0,9.29,applied,,2026-03-20
CA-000320,PMT-000320,BR-000320,INV-000397,CUST-0055,2026-05-18,843.55,0.0,0.0,0.0,applied,,2026-05-18
CA-000321,PMT-000321,BR-000321,INV-000399,CUST-0055,2026-06-20,810.59,0.0,0.0,0.0,applied,,2026-06-20
CA-000322,PMT-000322,BR-000322,INV-000401,CUST-0056,2025-08-23,2833.33,0.0,0.0,-40.74,applied,,2025-08-23
CA-000323,PMT-000323,BR-000323,INV-000402,CUST-0056,2025-10-11,2833.33,0.0,0.0,0.0,applied,,2025-10-11
CA-000324,PMT-000324,BR-000324,INV-000403,CUST-0057,2025-06-08,6555.55,0.0,0.0,-82.0,applied,,2025-06-08
CA-000325,PMT-000325,BR-000325,INV-000404,CUST-0057,2025-10-03,7833.34,0.0,0.0,105.56,applied,,2025-10-03
CA-000326,PMT-000326,BR-000326,INV-000405,CUST-0057,2026-01-11,7833.34,0.0,0.0,0.0,applied,,2026-01-11
CA-000327,PMT-000327,BR-000327,INV-000406,CUST-0057,2026-04-03,7833.34,0.0,0.0,160.11,applied,,2026-04-03
CA-000328,PMT-000328,BR-000328,INV-000407,CUST-0057,2026-06-30,7833.34,0.0,0.0,0.0,applied,,2026-06-30
CA-000329,PMT-000329,BR-000329,INV-000408,CUST-0058,2025-09-25,2649166.67,0.0,0.0,0.0,applied,,2025-09-25
CA-000330,PMT-000330,BR-000330,INV-000409,CUST-0058,2025-09-25,2649166.67,0.0,0.0,0.0,applied,,2025-09-25
CA-000331,PMT-000331,BR-000331,INV-000410,CUST-0058,2025-11-29,2649166.67,0.0,0.0,0.0,applied,,2025-11-29
CA-000332,PMT-000332,BR-000332,INV-000411,CUST-0058,2025-12-31,2649166.67,0.0,0.0,-43.29,applied,,2025-12-31
CA-000333,PMT-000333,BR-000333,INV-000412,CUST-0058,2026-02-08,2649166.67,0.0,0.0,53.52,applied,,2026-02-08
CA-000334,PMT-000334,BR-000334,INV-000413,CUST-0058,2026-03-01,2649166.67,0.0,0.0,0.0,applied,,2026-03-01
CA-000335,PMT-000335,BR-000335,INV-000414,CUST-0058,2026-03-31,2649166.67,0.0,0.0,0.0,applied,,2026-03-31
CA-000336,PMT-000336,BR-000336,INV-000415,CUST-0058,2026-05-06,1852061.3,0.0,0.0,0.0,applied,,2026-05-06
CA-000337,PMT-000337,BR-000337,INV-000416,CUST-0058,2026-04-24,2649166.67,0.0,0.0,0.0,applied,,2026-04-24
CA-000338,PMT-000338,BR-000338,INV-000417,CUST-0058,2026-06-20,2649166.67,0.0,0.0,5.25,applied,,2026-06-20
CA-000339,PMT-000339,BR-000339,INV-000418,CUST-0058,2026-06-30,2649166.67,0.0,0.0,0.0,applied,,2026-06-30
CA-000340,PMT-000340,BR-000340,INV-000419,CUST-0058,2026-06-30,2649166.67,0.0,0.0,0.0,applied,,2026-06-30
CA-000341,PMT-000341,BR-000341,INV-000420,CUST-0058,2025-09-26,4363333.34,0.0,0.0,0.0,applied,,2025-09-26
CA-000342,PMT-000342,BR-000342,INV-000421,CUST-0058,2025-11-17,4363333.34,0.0,0.0,0.0,applied,,2025-11-17
CA-000343,PMT-000343,BR-000343,INV-000422,CUST-0058,2025-12-13,4363333.34,0.0,0.0,27.4,applied,,2025-12-13
CA-000344,PMT-000344,BR-000344,INV-000423,CUST-0059,2026-03-26,9912000.0,0.0,0.0,0.0,applied,,2026-03-26
CA-000345,PMT-000345,BR-000345,INV-000425,CUST-0063,2025-08-03,47233.59,0.0,0.0,0.0,applied,,2025-08-03
CA-000346,PMT-000346,BR-000346,INV-000426,CUST-0063,2025-09-27,42901.69,0.0,0.0,0.0,applied,,2025-09-27
CA-000347,PMT-000347,BR-000347,INV-000427,CUST-0063,2025-10-20,41413.83,0.0,0.0,66.39,applied,,2025-10-20
CA-000348,PMT-000348,BR-000348,INV-000428,CUST-0063,2025-12-07,40644.79,406.45,0.0,0.0,applied,,2025-12-07
CA-000349,PMT-000349,BR-000349,INV-000429,CUST-0063,2026-01-06,60657.22,0.0,0.0,0.0,applied,,2026-01-06
CA-000350,PMT-000350,BR-000350,INV-000430,CUST-0063,2026-01-04,50293.99,0.0,0.0,3.81,applied,,2026-01-04
CA-000351,PMT-000351,BR-000351,INV-000431,CUST-0063,2026-02-03,64467.48,0.0,0.0,0.0,applied,,2026-02-03
CA-000352,PMT-000352,BR-000352,INV-000432,CUST-0063,2026-03-11,42188.18,0.0,0.0,-117.49,applied,,2026-03-11
CA-000353,PMT-000353,BR-000353,INV-000433,CUST-0063,2026-04-28,37090.21,0.0,0.0,0.0,applied,,2026-04-28
CA-000354,PMT-000354,BR-000354,INV-000434,CUST-0063,2026-05-06,44181.52,0.0,0.0,0.0,applied,,2026-05-06
CA-000355,PMT-000355,BR-000355,INV-000435,CUST-0063,2026-06-25,60122.54,0.0,0.0,0.0,applied,,2026-06-25
CA-000356,PMT-000356,BR-000356,INV-000439,CUST-0064,2026-02-26,9441.41,0.0,0.0,0.0,applied,,2026-02-26
CA-000357,PMT-000357,BR-000357,INV-000440,CUST-0064,2026-06-15,6823.15,0.0,0.0,0.0,applied,,2026-06-15
CA-000358,PMT-000358,BR-000358,INV-000441,CUST-0064,2025-10-25,2469.49,0.0,0.0,0.0,applied,,2025-10-25
CA-000359,PMT-000359,BR-000359,INV-000442,CUST-0064,2025-12-04,3732.2,0.0,0.0,0.0,applied,,2025-12-04
CA-000360,PMT-000360,BR-000360,INV-000443,CUST-0064,2025-12-17,2686.14,26.86,0.0,0.0,applied,,2025-12-17
CA-000361,PMT-000361,BR-000361,INV-000445,CUST-0064,2026-02-07,2345.43,0.0,0.0,0.0,applied,,2026-02-07
CA-000362,PMT-000362,BR-000362,INV-000446,CUST-0064,2026-04-05,2715.69,0.0,0.0,0.0,applied,,2026-04-05
CA-000363,PMT-000363,BR-000363,INV-000447,CUST-0064,2026-04-16,3130.56,0.0,0.0,0.0,applied,,2026-04-16
CA-000364,PMT-000364,BR-000364,INV-000449,CUST-0064,2026-06-05,2961.79,0.0,0.0,0.0,applied,,2026-06-05
CA-000365,PMT-000365,BR-000365,INV-000450,CUST-0064,2026-06-30,3466.48,0.0,0.0,0.0,applied,,2026-06-30
CA-000366,PMT-000366,BR-000366,INV-000452,CUST-0064,2025-10-01,8200.0,0.0,0.0,0.0,applied,,2025-10-01
CA-000367,PMT-000367,BR-000367,INV-000453,CUST-0065,2025-09-02,243400.0,0.0,0.0,0.0,applied,,2025-09-02
CA-000368,PMT-000368,BR-000368,INV-000454,CUST-0065,2025-09-12,243400.0,0.0,0.0,0.0,applied,,2025-09-12
CA-000369,PMT-000369,BR-000369,INV-000455,CUST-0065,2026-02-24,17883.33,0.0,0.0,0.0,applied,,2026-02-24
CA-000370,PMT-000370,BR-000370,INV-000456,CUST-0065,2026-04-13,17883.33,0.0,0.0,0.0,applied,,2026-04-13
CA-000371,PMT-000371,BR-000371,INV-000457,CUST-0065,2026-04-15,17883.33,0.0,0.0,0.0,applied,,2026-04-15
CA-000372,PMT-000372,BR-000372,INV-000458,CUST-0065,2026-05-10,17883.33,0.0,0.0,0.0,applied,,2026-05-10
CA-000373,PMT-000373,BR-000373,INV-000459,CUST-0065,2026-06-30,17883.33,178.83,0.0,0.0,applied,,2026-06-30
CA-000374,PMT-000374,BR-000374,INV-000461,CUST-0065,2026-02-09,64603.56,0.0,0.0,0.0,applied,,2026-02-09
CA-000375,PMT-000375,BR-000375,INV-000462,CUST-0065,2026-04-24,52556.87,0.0,0.0,0.0,applied,,2026-04-24
CA-000376,PMT-000376,BR-000376,INV-000463,CUST-0065,2026-04-19,46334.46,0.0,0.0,0.0,applied,,2026-04-19
CA-000377,PMT-000377,BR-000377,INV-000464,CUST-0065,2026-05-24,58962.92,0.0,0.0,0.0,applied,,2026-05-24
CA-000378,PMT-000378,BR-000378,INV-000465,CUST-0065,2026-06-30,73490.88,0.0,0.0,0.0,applied,,2026-06-30
CA-000379,PMT-000379,BR-000379,INV-000467,CUST-0065,2026-06-30,532430.85,0.0,0.0,0.0,applied,,2026-06-30
CA-000380,PMT-000380,BR-000380,INV-000468,CUST-0067,2026-05-25,29944.52,0.0,0.0,0.0,applied,,2026-05-25
CA-000381,PMT-000381,BR-000381,INV-000470,CUST-0068,2026-06-30,68083.33,0.0,0.0,0.0,applied,,2026-06-30
CA-000382,PMT-000382,BR-000382,INV-000473,CUST-0069,2025-10-03,128700000.0,0.0,0.0,0.0,applied,,2025-10-03
CA-000383,PMT-000383,BR-000383,INV-000474,CUST-0069,2025-09-22,160490000.0,0.0,0.0,0.0,applied,,2025-09-22
CA-000384,PMT-000384,BR-000384,INV-000475,CUST-0069,2025-12-25,100979999.99,0.0,0.0,0.0,applied,,2025-12-25
CA-000385,PMT-000385,BR-000385,INV-000476,CUST-0070,2025-06-09,1554000.0,0.0,0.0,0.0,applied,,2025-06-09
CA-000386,PMT-000386,BR-000386,INV-000477,CUST-0071,2026-05-14,205175.93,2051.76,0.0,0.0,applied,,2026-05-14
CA-000387,PMT-000387,BR-000387,INV-000480,CUST-0071,2026-03-22,294842.59,0.0,0.0,0.0,applied,,2026-03-22
CA-000388,PMT-000388,BR-000388,INV-000481,CUST-0071,2026-04-21,294842.59,2948.43,0.0,1236.53,applied,,2026-04-21
CA-000389,PMT-000389,BR-000389,INV-000482,CUST-0071,2026-05-13,294842.59,0.0,0.0,-6276.53,applied,,2026-05-13
CA-000390,PMT-000390,BR-000390,INV-000483,CUST-0071,2026-05-19,294842.59,0.0,0.0,0.0,applied,,2026-05-19
CA-000391,PMT-000391,BR-000391,INV-000486,CUST-0072,2026-06-30,27495.0,0.0,0.0,0.0,applied,,2026-06-30
CA-000392,PMT-000392,BR-000392,INV-000487,CUST-0073,2025-08-17,26805366.15,0.0,0.0,0.0,applied,,2025-08-17
CA-000393,PMT-000393,BR-000393,INV-000488,CUST-0075,2025-09-08,193136.88,0.0,0.0,0.0,applied,,2025-09-08
CA-000394,PMT-000394,BR-000394,INV-000489,CUST-0075,2025-11-04,94582.68,0.0,0.0,0.0,applied,,2025-11-04
CA-000395,PMT-000395,BR-000395,INV-000490,CUST-0075,2025-07-20,53834.65,0.0,0.0,0.0,applied,,2025-07-20
CA-000396,PMT-000396,BR-000396,INV-000491,CUST-0075,2025-10-27,53834.65,538.35,0.0,-1305.79,applied,,2025-10-27
CA-000397,PMT-000397,BR-000397,INV-000492,CUST-0075,2026-01-13,53834.65,0.0,0.0,0.0,applied,,2026-01-13
CA-000398,PMT-000398,BR-000398,INV-000493,CUST-0075,2026-03-29,53834.65,0.0,0.0,-1124.46,applied,,2026-03-29
CA-000399,PMT-000399,BR-000399,INV-000494,CUST-0075,2026-06-25,53834.65,0.0,0.0,0.0,applied,,2026-06-25
CA-000400,PMT-000400,BR-000400,INV-000495,CUST-0076,2025-05-29,1215.77,0.0,0.0,-23.34,applied,,2025-05-29
CA-000401,PMT-000401,BR-000401,INV-000496,CUST-0076,2025-06-10,1120.7,0.0,0.0,0.0,applied,,2025-06-10
CA-000402,PMT-000402,BR-000402,INV-000497,CUST-0076,2025-07-15,1983.52,0.0,0.0,0.0,applied,,2025-07-15
CA-000403,PMT-000403,BR-000403,INV-000498,CUST-0076,2025-08-29,1408.02,0.0,0.0,0.0,applied,,2025-08-29
CA-000404,PMT-000404,BR-000404,INV-000499,CUST-0076,2025-09-10,1478.52,0.0,0.0,0.0,applied,,2025-09-10
CA-000405,PMT-000405,BR-000405,INV-000500,CUST-0076,2025-11-04,1533.89,0.0,0.0,-1.0,applied,,2025-11-04
CA-000406,PMT-000406,BR-000406,INV-000501,CUST-0076,2025-11-11,1385.34,0.0,0.0,0.0,applied,,2025-11-11
CA-000407,PMT-000407,BR-000407,INV-000503,CUST-0076,2026-01-17,1982.16,19.82,0.0,0.0,applied,,2026-01-17
CA-000408,PMT-000408,BR-000408,INV-000504,CUST-0076,2026-02-03,1221.8,0.0,0.0,3.95,applied,,2026-02-03
CA-000409,PMT-000409,BR-000409,INV-000505,CUST-0076,2026-02-26,1178.73,0.0,0.0,0.0,applied,,2026-02-26
CA-000410,PMT-000410,BR-000410,INV-000506,CUST-0076,2026-04-28,1367.23,0.0,0.0,0.58,applied,,2026-04-28
CA-000411,PMT-000411,BR-000411,INV-000507,CUST-0076,2026-05-27,1189.21,0.0,0.0,0.0,applied,,2026-05-27
CA-000412,PMT-000412,BR-000412,INV-000508,CUST-0076,2026-06-30,1592.5,0.0,0.0,0.0,applied,,2026-06-30
CA-000413,PMT-000413,BR-000413,INV-000509,CUST-0076,2026-06-30,1976.76,0.0,0.0,-26.56,applied,,2026-06-30
CA-000414,PMT-000414,BR-000414,INV-000511,CUST-0076,2025-07-21,10866.14,0.0,0.0,0.0,applied,,2025-07-21
CA-000415,PMT-000415,BR-000415,INV-000513,CUST-0077,2025-06-29,141000.01,0.0,0.0,0.0,applied,,2025-06-29
CA-000416,PMT-000416,BR-000416,INV-000514,CUST-0077,2025-07-29,141000.01,0.0,0.0,0.0,applied,,2025-07-29
CA-000417,PMT-000417,BR-000417,INV-000516,CUST-0078,2025-09-15,17221.79,0.0,0.0,0.0,applied,,2025-09-15
CA-000418,PMT-000418,BR-000418,INV-000517,CUST-0078,2025-12-20,17613.83,0.0,0.0,0.0,applied,,2025-12-20
CA-000419,PMT-000419,BR-000419,INV-000518,CUST-0078,2026-04-21,15569.39,0.0,0.0,0.0,applied,,2026-04-21
CA-000420,PMT-000420,BR-000420,INV-000519,CUST-0078,2026-06-15,20358.51,0.0,0.0,0.0,applied,,2026-06-15
CA-000421,PMT-000421,BR-000421,INV-000520,CUST-0078,2025-07-11,11866.67,0.0,0.0,0.0,applied,,2025-07-11
CA-000422,PMT-000422,BR-000422,INV-000521,CUST-0078,2025-08-04,11866.67,0.0,0.0,0.0,applied,,2025-08-04
CA-000423,PMT-000423,BR-000423,INV-000522,CUST-0078,2025-09-12,11866.67,0.0,0.0,0.0,applied,,2025-09-12
CA-000424,PMT-000424,BR-000424,INV-000523,CUST-0078,2025-10-04,8784.47,0.0,0.0,0.0,applied,,2025-10-04
CA-000425,PMT-000425,BR-000425,INV-000524,CUST-0078,2025-10-24,11866.67,0.0,0.0,0.0,applied,,2025-10-24
CA-000426,PMT-000426,BR-000426,INV-000525,CUST-0078,2025-12-01,11866.67,0.0,0.0,0.0,applied,,2025-12-01
CA-000427,PMT-000427,BR-000427,INV-000526,CUST-0078,2025-12-22,11866.67,0.0,0.0,0.0,applied,,2025-12-22
CA-000428,PMT-000428,BR-000428,INV-000527,CUST-0078,2026-02-15,11866.67,0.0,0.0,0.0,applied,,2026-02-15
CA-000429,PMT-000429,BR-000429,INV-000528,CUST-0078,2026-03-16,11866.67,0.0,0.0,0.0,applied,,2026-03-16
CA-000430,PMT-000430,BR-000430,INV-000529,CUST-0078,2026-04-25,11866.67,0.0,0.0,0.0,applied,,2026-04-25
CA-000431,PMT-000431,BR-000431,INV-000530,CUST-0078,2026-05-18,11866.67,0.0,0.0,0.0,applied,,2026-05-18
CA-000432,PMT-000432,BR-000432,INV-000531,CUST-0078,2026-06-13,11866.67,0.0,0.0,0.0,applied,,2026-06-13
CA-000433,PMT-000433,BR-000433,INV-000535,CUST-0079,2026-05-29,49008.33,0.0,0.0,0.0,applied,,2026-05-29
CA-000434,PMT-000434,BR-000434,INV-000536,CUST-0079,2026-06-30,49008.33,0.0,0.0,0.0,applied,,2026-06-30
CA-000435,PMT-000435,BR-000435,INV-000538,CUST-0079,2025-10-01,287000.0,0.0,0.0,0.0,applied,,2025-10-01
CA-000436,PMT-000436,BR-000436,INV-000539,CUST-0079,2025-12-14,202400.0,0.0,0.0,0.0,applied,,2025-12-14
CA-000437,PMT-000437,BR-000437,INV-000540,CUST-0079,2026-06-05,170633.33,0.0,0.0,0.0,applied,,2026-06-05
CA-000438,PMT-000438,BR-000438,INV-000541,CUST-0079,2026-05-30,110051.99,0.0,0.0,0.0,applied,,2026-05-30
CA-000439,PMT-000439,BR-000439,INV-000542,CUST-0079,2026-06-30,170633.33,0.0,0.0,0.0,applied,,2026-06-30
CA-000440,PMT-000440,BR-000440,INV-000543,CUST-0080,2025-08-24,205250.0,0.0,0.0,0.0,applied,,2025-08-24
CA-000441,PMT-000441,BR-000441,INV-000544,CUST-0080,2025-10-04,205250.0,0.0,0.0,0.0,applied,,2025-10-04
CA-000442,PMT-000442,BR-000442,INV-000545,CUST-0080,2026-06-30,73813.32,0.0,0.0,0.0,applied,,2026-06-30
CA-000443,PMT-000443,BR-000443,INV-000546,CUST-0080,2026-06-26,117975.0,0.0,0.0,0.0,applied,,2026-06-26
CA-000444,PMT-000444,BR-000444,INV-000547,CUST-0080,2026-03-02,29088.06,0.0,0.0,0.0,applied,,2026-03-02
CA-000445,PMT-000445,BR-000445,INV-000548,CUST-0080,2026-03-05,28755.62,0.0,0.0,0.0,applied,,2026-03-05
CA-000446,PMT-000446,BR-000446,INV-000549,CUST-0080,2026-04-30,20185.61,0.0,0.0,0.0,applied,,2026-04-30
CA-000447,PMT-000447,BR-000447,INV-000551,CUST-0080,2026-06-30,17121.97,0.0,0.0,0.0,applied,,2026-06-30
CA-000448,PMT-000448,BR-000448,INV-000552,CUST-0080,2026-06-30,19764.81,0.0,0.0,0.0,applied,,2026-06-30
CA-000449,PMT-000449,BR-000449,INV-000554,CUST-0081,2025-09-06,900.0,0.0,0.0,0.0,applied,,2025-09-06
CA-000450,PMT-000450,BR-000450,INV-000555,CUST-0081,2025-09-28,900.0,0.0,0.0,0.0,applied,,2025-09-28
CA-000451,PMT-000451,BR-000451,INV-000556,CUST-0081,2025-11-22,900.0,0.0,0.0,0.0,applied,,2025-11-22
CA-000452,PMT-000452,BR-000452,INV-000557,CUST-0081,2025-10-06,5100.0,0.0,0.0,0.0,applied,,2025-10-06
CA-000453,PMT-000453,BR-000453,INV-000558,CUST-0082,2026-04-07,38500.0,385.0,0.0,0.0,applied,,2026-04-07
CA-000454,PMT-000454,BR-000454,INV-000559,CUST-0082,2025-09-26,12283.18,0.0,0.0,0.0,applied,,2025-09-26
CA-000455,PMT-000455,BR-000455,INV-000560,CUST-0082,2025-10-19,11290.61,0.0,0.0,0.0,applied,,2025-10-19
CA-000456,PMT-000456,BR-000456,INV-000562,CUST-0082,2025-12-11,10447.28,0.0,0.0,0.0,applied,,2025-12-11
CA-000457,PMT-000457,BR-000457,INV-000563,CUST-0082,2026-01-28,14937.37,0.0,0.0,0.0,applied,,2026-01-28
CA-000458,PMT-000458,BR-000458,INV-000564,CUST-0082,2026-02-14,12787.36,0.0,0.0,0.0,applied,,2026-02-14
CA-000459,PMT-000459,BR-000459,INV-000566,CUST-0082,2026-04-08,15438.55,0.0,0.0,0.0,applied,,2026-04-08
CA-000460,PMT-000460,BR-000460,INV-000567,CUST-0082,2026-05-15,13533.82,0.0,0.0,0.0,applied,,2026-05-15
CA-000461,PMT-000461,BR-000461,INV-000569,CUST-0082,2026-06-23,13218.22,132.18,0.0,0.0,applied,,2026-06-23
CA-000462,PMT-000462,BR-000462,INV-000570,CUST-0082,2026-06-30,10930.0,0.0,0.0,0.0,applied,,2026-06-30
CA-000463,PMT-000463,BR-000463,INV-000571,CUST-0083,2026-02-08,11555.56,0.0,0.0,0.0,applied,,2026-02-08
CA-000464,PMT-000464,BR-000464,INV-000572,CUST-0084,2026-02-10,7275.0,0.0,0.0,0.0,applied,,2026-02-10
CA-000465,PMT-000465,BR-000465,INV-000573,CUST-0084,2026-05-15,7275.0,0.0,0.0,0.0,applied,,2026-05-15
CA-000466,PMT-000466,BR-000466,INV-000575,CUST-0084,2025-08-26,5506.18,0.0,0.0,0.0,applied,,2025-08-26
CA-000467,PMT-000467,BR-000467,INV-000576,CUST-0084,2025-12-22,5844.76,0.0,0.0,0.0,applied,,2025-12-22
CA-000468,PMT-000468,BR-000468,INV-000577,CUST-0084,2026-03-16,4417.18,0.0,0.0,0.0,applied,,2026-03-16
CA-000469,PMT-000469,BR-000469,INV-000578,CUST-0084,2026-06-10,5257.35,0.0,0.0,0.0,applied,,2026-06-10
CA-000470,PMT-000470,BR-000470,INV-000579,CUST-0084,2025-06-14,7600.0,0.0,0.0,0.0,applied,,2025-06-14
CA-000471,PMT-000471,BR-000471,INV-000580,CUST-0085,2026-06-30,462366.67,0.0,0.0,0.0,applied,,2026-06-30
CA-000472,PMT-000472,BR-000472,INV-000581,CUST-0085,2026-06-30,462366.67,0.0,0.0,0.0,applied,,2026-06-30
CA-000473,PMT-000473,BR-000473,INV-000582,CUST-0086,2025-10-25,6925.0,69.25,0.0,0.0,applied,,2025-10-25
CA-000474,PMT-000474,BR-000474,INV-000583,CUST-0086,2025-12-06,6925.0,0.0,0.0,0.0,applied,,2025-12-06
CA-000475,PMT-000475,BR-000475,INV-000584,CUST-0086,2025-12-12,6925.0,0.0,0.0,0.0,applied,,2025-12-12
CA-000476,PMT-000476,BR-000476,INV-000585,CUST-0086,2026-02-17,6925.0,0.0,0.0,0.0,applied,,2026-02-17
CA-000477,PMT-000477,BR-000477,INV-000586,CUST-0086,2026-02-23,6925.0,0.0,0.0,0.0,applied,,2026-02-23
CA-000478,PMT-000478,BR-000478,INV-000588,CUST-0086,2026-05-03,6925.0,0.0,0.0,0.0,applied,,2026-05-03
CA-000479,PMT-000479,BR-000479,INV-000589,CUST-0086,2026-05-31,6925.0,0.0,0.0,0.0,applied,,2026-05-31
CA-000480,PMT-000480,BR-000480,INV-000590,CUST-0086,2026-06-30,6925.0,0.0,0.0,0.0,applied,,2026-06-30
CA-000481,PMT-000481,BR-000481,INV-000592,CUST-0087,2026-06-28,29433.33,0.0,0.0,0.0,applied,,2026-06-28
CA-000482,PMT-000482,BR-000482,INV-000595,CUST-0087,2026-05-19,11042.36,0.0,0.0,0.0,applied,,2026-05-19
CA-000483,PMT-000483,BR-000483,INV-000597,CUST-0088,2025-06-13,1058.35,0.0,0.0,0.0,applied,,2025-06-13
CA-000484,PMT-000484,BR-000484,INV-000598,CUST-0088,2025-06-11,852.69,0.0,0.0,0.0,applied,,2025-06-11
CA-000485,PMT-000485,BR-000485,INV-000599,CUST-0088,2025-07-25,948.99,0.0,0.0,0.0,applied,,2025-07-25
CA-000486,PMT-000486,BR-000486,INV-000600,CUST-0088,2025-08-27,1249.9,0.0,0.0,0.0,applied,,2025-08-27
CA-000487,PMT-000487,BR-000487,INV-000601,CUST-0088,2025-10-18,1246.54,0.0,0.0,0.0,applied,,2025-10-18
CA-000488,PMT-000488,BR-000488,INV-000603,CUST-0088,2025-11-22,972.43,0.0,0.0,0.0,applied,,2025-11-22
CA-000489,PMT-000489,BR-000489,INV-000604,CUST-0088,2025-12-12,1094.15,0.0,0.0,0.0,applied,,2025-12-12
CA-000490,PMT-000490,BR-000490,INV-000605,CUST-0088,2026-01-26,1063.28,0.0,0.0,0.0,applied,,2026-01-26
CA-000491,PMT-000491,BR-000491,INV-000606,CUST-0088,2026-03-07,805.3,0.0,0.0,0.0,applied,,2026-03-07
CA-000492,PMT-000492,BR-000492,INV-000607,CUST-0088,2026-04-22,973.02,0.0,0.0,0.0,applied,,2026-04-22
CA-000493,PMT-000493,BR-000493,INV-000608,CUST-0088,2026-04-14,976.48,0.0,0.0,0.0,applied,,2026-04-14
CA-000494,PMT-000494,BR-000494,INV-000609,CUST-0088,2026-06-07,1270.86,0.0,0.0,0.0,applied,,2026-06-07
CA-000495,PMT-000495,BR-000495,INV-000610,CUST-0088,2026-06-17,1147.72,0.0,0.0,0.0,applied,,2026-06-17
CA-000496,PMT-000496,BR-000496,INV-000611,CUST-0088,2026-06-30,753.3,0.0,0.0,0.0,applied,,2026-06-30
CA-000497,PMT-000497,BR-000497,INV-000613,CUST-0088,2025-10-17,11467.05,114.67,0.0,0.0,applied,,2025-10-17
CA-000498,PMT-000498,BR-000498,INV-000614,CUST-0089,2026-06-30,6956.03,0.0,0.0,0.0,applied,,2026-06-30
CA-000499,PMT-000499,BR-000499,INV-000616,CUST-0089,2025-09-08,6501.37,0.0,0.0,0.0,applied,,2025-09-08
CA-000500,PMT-000500,BR-000500,INV-000617,CUST-0089,2025-09-06,6568.14,0.0,0.0,0.0,applied,,2025-09-06
CA-000501,PMT-000501,BR-000501,INV-000618,CUST-0089,2025-10-25,5577.8,0.0,0.0,0.0,applied,,2025-10-25
CA-000502,PMT-000502,BR-000502,INV-000620,CUST-0089,2025-12-16,9782.51,97.83,0.0,0.0,applied,,2025-12-16
CA-000503,PMT-000503,BR-000503,INV-000621,CUST-0089,2025-12-27,5825.5,0.0,0.0,102.28,applied,,2025-12-27
CA-000504,PMT-000504,BR-000504,INV-000622,CUST-0089,2026-02-13,9176.09,0.0,0.0,-105.35,applied,,2026-02-13
CA-000505,PMT-000505,BR-000505,INV-000623,CUST-0089,2026-03-22,5462.68,0.0,0.0,0.0,applied,,2026-03-22
CA-000506,PMT-000506,BR-000506,INV-000624,CUST-0089,2026-04-10,9455.66,0.0,0.0,0.0,applied,,2026-04-10
CA-000507,PMT-000507,BR-000507,INV-000625,CUST-0089,2026-04-30,8888.98,0.0,0.0,0.0,applied,,2026-04-30
CA-000508,PMT-000508,BR-000508,INV-000626,CUST-0089,2026-06-23,6448.9,0.0,0.0,0.0,applied,,2026-06-23
CA-000509,PMT-000509,BR-000509,INV-000627,CUST-0089,2026-06-30,9663.77,0.0,0.0,0.0,applied,,2026-06-30
CA-000510,PMT-000510,BR-000510,INV-000629,CUST-0090,2025-06-13,72000.0,0.0,0.0,0.0,applied,,2025-06-13
CA-000511,PMT-000511,BR-000511,INV-000630,CUST-0090,2025-08-21,29137.48,0.0,0.0,0.0,applied,,2025-08-21
CA-000512,PMT-000512,BR-000512,INV-000631,CUST-0090,2025-10-30,21728.37,0.0,0.0,0.0,applied,,2025-10-30
CA-000513,PMT-000513,BR-000513,INV-000632,CUST-0090,2026-02-01,26403.86,0.0,0.0,0.0,applied,,2026-02-01
CA-000514,PMT-000514,BR-000514,INV-000633,CUST-0090,2026-04-20,31111.5,0.0,0.0,0.0,applied,,2026-04-20
CA-000515,PMT-000515,BR-000515,INV-000635,CUST-0090,2026-06-30,50600.0,0.0,0.0,0.0,applied,,2026-06-30
CA-000516,PMT-000516,BR-000516,INV-000636,CUST-0090,2025-12-21,10183.33,0.0,0.0,0.0,applied,,2025-12-21
CA-000517,PMT-000517,BR-000517,INV-000637,CUST-0090,2026-01-16,10183.33,0.0,0.0,0.0,applied,,2026-01-16
CA-000518,PMT-000518,BR-000518,INV-000638,CUST-0090,2026-03-16,10183.33,0.0,0.0,0.0,applied,,2026-03-16
CA-000519,PMT-000519,BR-000519,INV-000639,CUST-0090,2026-03-14,10183.33,0.0,0.0,0.0,applied,,2026-03-14
CA-000520,PMT-000520,BR-000520,INV-000640,CUST-0090,2026-04-12,10183.33,0.0,0.0,0.0,applied,,2026-04-12
CA-000521,PMT-000521,BR-000521,INV-000641,CUST-0090,2026-06-15,10183.33,101.83,0.0,0.0,applied,,2026-06-15
CA-000522,PMT-000522,BR-000522,INV-000642,CUST-0090,2026-06-20,10183.33,0.0,0.0,0.0,applied,,2026-06-20
CA-000523,PMT-000523,BR-000523,INV-000645,CUST-0090,2026-02-22,36487.73,0.0,0.0,0.0,applied,,2026-02-22
CA-000524,PMT-000524,BR-000524,INV-000646,CUST-0090,2026-04-22,55439.11,0.0,0.0,0.0,applied,,2026-04-22
CA-000525,PMT-000525,BR-000525,INV-000648,CUST-0091,2026-06-30,5633.9,0.0,0.0,0.0,applied,,2026-06-30
CA-000526,PMT-000526,BR-000526,INV-000651,CUST-0092,2025-11-13,12111.11,0.0,0.0,0.0,applied,,2025-11-13
CA-000527,PMT-000527,BR-000527,INV-000652,CUST-0093,2025-11-05,57900.0,0.0,0.0,0.0,applied,,2025-11-05
CA-000528,PMT-000528,BR-000528,INV-000654,CUST-0093,2026-06-30,7633.47,76.33,0.0,0.0,applied,,2026-06-30
CA-000529,PMT-000529,BR-000529,INV-000656,CUST-0093,2025-09-05,29675.0,0.0,0.0,0.0,applied,,2025-09-05
CA-000530,PMT-000530,BR-000530,INV-000657,CUST-0093,2025-11-06,29675.0,0.0,0.0,0.0,applied,,2025-11-06
CA-000531,PMT-000531,BR-000531,INV-000658,CUST-0093,2026-01-23,29675.0,0.0,0.0,0.0,applied,,2026-01-23
CA-000532,PMT-000532,BR-000532,INV-000659,CUST-0093,2026-04-28,29675.0,0.0,0.0,0.0,applied,,2026-04-28
CA-000533,PMT-000533,BR-000533,INV-000661,CUST-0094,2026-06-30,26362.21,0.0,0.0,0.0,applied,,2026-06-30
CA-000534,PMT-000534,BR-000534,INV-000662,CUST-0096,2025-11-03,9333.33,0.0,0.0,0.0,applied,,2025-11-03
CA-000535,PMT-000535,BR-000535,INV-000663,CUST-0096,2025-11-23,9333.33,0.0,0.0,0.0,applied,,2025-11-23
CA-000536,PMT-000536,BR-000536,INV-000664,CUST-0096,2025-11-30,9333.33,0.0,0.0,0.0,applied,,2025-11-30
CA-000537,PMT-000537,BR-000537,INV-000665,CUST-0096,2026-01-25,9333.33,0.0,0.0,0.0,applied,,2026-01-25
CA-000538,PMT-000538,BR-000538,INV-000666,CUST-0096,2026-02-07,9333.33,0.0,0.0,0.0,applied,,2026-02-07
CA-000539,PMT-000539,BR-000539,INV-000667,CUST-0096,2026-03-26,6852.48,0.0,0.0,0.0,applied,,2026-03-26
CA-000540,PMT-000540,BR-000540,INV-000668,CUST-0096,2026-04-14,9333.33,0.0,0.0,0.0,applied,,2026-04-14
CA-000541,PMT-000541,BR-000541,INV-000669,CUST-0096,2026-05-11,9333.33,93.33,0.0,0.0,applied,,2026-05-11
CA-000542,PMT-000542,BR-000542,INV-000670,CUST-0096,2026-06-18,9333.33,0.0,0.0,0.0,applied,,2026-06-18
CA-000543,PMT-000543,BR-000543,INV-000671,CUST-0096,2026-06-30,9333.33,0.0,0.0,0.0,applied,,2026-06-30
CA-000544,PMT-000544,BR-000544,INV-000675,CUST-0097,2025-11-30,145283.33,0.0,0.0,0.0,applied,,2025-11-30
CA-000545,PMT-000545,BR-000545,INV-000676,CUST-0097,2026-01-05,145283.33,0.0,0.0,0.0,applied,,2026-01-05
CA-000546,PMT-000546,BR-000546,INV-000677,CUST-0097,2026-01-02,145283.33,0.0,0.0,0.0,applied,,2026-01-02
CA-000547,PMT-000547,BR-000547,INV-000678,CUST-0097,2026-02-01,145283.33,0.0,0.0,0.0,applied,,2026-02-01
CA-000548,PMT-000548,BR-000548,INV-000679,CUST-0097,2026-02-27,145283.33,0.0,0.0,0.0,applied,,2026-02-27
CA-000549,PMT-000549,BR-000549,INV-000680,CUST-0097,2026-04-22,145283.33,0.0,0.0,0.0,applied,,2026-04-22
CA-000550,PMT-000550,BR-000550,INV-000681,CUST-0097,2026-05-22,145283.33,0.0,0.0,0.0,applied,,2026-05-22
CA-000551,PMT-000551,BR-000551,INV-000682,CUST-0097,2026-06-06,145283.33,0.0,0.0,0.0,applied,,2026-06-06
CA-000552,PMT-000552,BR-000552,INV-000683,CUST-0097,2026-06-30,145283.33,0.0,0.0,0.0,applied,,2026-06-30
CA-000553,PMT-000553,BR-000553,INV-000685,CUST-0097,2025-05-04,169327.73,0.0,0.0,0.0,applied,,2025-05-04
CA-000554,PMT-000554,BR-000554,INV-000686,CUST-0097,2025-07-09,249450.0,0.0,0.0,0.0,applied,,2025-07-09
CA-000555,PMT-000555,BR-000555,INV-000687,CUST-0097,2025-11-15,755700.0,0.0,0.0,0.0,applied,,2025-11-15
CA-000556,PMT-000556,BR-000556,INV-000688,CUST-0098,2026-04-05,270400.0,0.0,0.0,0.0,applied,,2026-04-05
CA-000557,PMT-000557,BR-000557,INV-000689,CUST-0098,2026-03-26,31766.67,0.0,0.0,0.0,applied,,2026-03-26
CA-000558,PMT-000558,BR-000558,INV-000690,CUST-0098,2026-04-20,31766.67,0.0,0.0,0.0,applied,,2026-04-20
CA-000559,PMT-000559,BR-000559,INV-000691,CUST-0098,2026-05-15,31766.67,0.0,0.0,0.0,applied,,2026-05-15
CA-000560,PMT-000560,BR-000560,INV-000692,CUST-0098,2026-06-30,31766.67,0.0,0.0,0.0,applied,,2026-06-30
CA-000561,PMT-000561,BR-000561,INV-000694,CUST-0098,2026-06-30,31766.67,0.0,0.0,0.0,applied,,2026-06-30
CA-000562,PMT-000562,BR-000562,INV-000695,CUST-0098,2026-03-31,419200.0,0.0,0.0,0.0,applied,,2026-03-31
CA-000563,PMT-000563,BR-000563,INV-000696,CUST-0098,2026-03-14,50734.91,0.0,0.0,0.0,applied,,2026-03-14
CA-000564,PMT-000564,BR-000564,INV-000697,CUST-0098,2026-04-10,37683.6,376.84,0.0,0.0,applied,,2026-04-10
CA-000565,PMT-000565,BR-000565,INV-000698,CUST-0098,2026-06-07,42029.0,0.0,0.0,0.0,applied,,2026-06-07
CA-000566,PMT-000566,BR-000566,INV-000699,CUST-0098,2026-06-30,49679.16,0.0,0.0,0.0,applied,,2026-06-30
CA-000567,PMT-000567,BR-000567,INV-000702,CUST-0098,2025-10-14,84820.06,0.0,0.0,0.0,applied,,2025-10-14
CA-000568,PMT-000568,BR-000568,INV-000703,CUST-0098,2025-10-24,74171.1,0.0,0.0,0.0,applied,,2025-10-24
CA-000569,PMT-000569,BR-000569,INV-000704,CUST-0098,2025-11-15,88552.47,885.52,0.0,0.0,applied,,2025-11-15
CA-000570,PMT-000570,BR-000570,INV-000705,CUST-0098,2025-12-10,73001.45,0.0,0.0,0.0,applied,,2025-12-10
CA-000571,PMT-000571,BR-000571,INV-000706,CUST-0098,2026-02-08,77268.85,0.0,0.0,0.0,applied,,2026-02-08
CA-000572,PMT-000572,BR-000572,INV-000707,CUST-0098,2026-02-21,77945.88,779.46,0.0,0.0,applied,,2026-02-21
CA-000573,PMT-000573,BR-000573,INV-000708,CUST-0098,2026-03-23,72035.59,0.0,0.0,0.0,applied,,2026-03-23
CA-000574,PMT-000574,BR-000574,INV-000709,CUST-0098,2026-04-18,55849.7,0.0,0.0,0.0,applied,,2026-04-18
CA-000575,PMT-000575,BR-000575,INV-000710,CUST-0098,2026-05-15,90540.61,0.0,0.0,0.0,applied,,2026-05-15
CA-000576,PMT-000576,BR-000576,INV-000711,CUST-0098,2026-06-30,65544.5,0.0,0.0,0.0,applied,,2026-06-30
CA-000577,PMT-000577,BR-000577,INV-000714,CUST-0099,2025-05-19,2181666.66,0.0,0.0,-30.78,applied,,2025-05-19
CA-000578,PMT-000578,BR-000578,INV-000715,CUST-0099,2025-06-25,2181666.66,0.0,0.0,0.0,applied,,2025-06-25
CA-000579,PMT-000579,BR-000579,INV-000716,CUST-0099,2025-08-05,2181666.66,0.0,0.0,0.0,applied,,2025-08-05
CA-000580,PMT-000580,BR-000580,INV-000717,CUST-0099,2025-07-31,2181666.66,0.0,0.0,-18.51,applied,,2025-07-31
CA-000581,PMT-000581,BR-000581,INV-000718,CUST-0099,2025-08-25,2181666.66,0.0,0.0,0.0,applied,,2025-08-25
CA-000582,PMT-000582,BR-000582,INV-000719,CUST-0099,2025-10-17,2181666.66,21816.67,0.0,0.0,applied,,2025-10-17
CA-000583,PMT-000583,BR-000583,INV-000720,CUST-0099,2025-12-02,2181666.66,0.0,0.0,0.0,applied,,2025-12-02
CA-000584,PMT-000584,BR-000584,INV-000721,CUST-0099,2026-01-06,2181666.66,0.0,0.0,0.0,applied,,2026-01-06
CA-000585,PMT-000585,BR-000585,INV-000722,CUST-0099,2026-02-07,2181666.66,0.0,0.0,0.0,applied,,2026-02-07
CA-000586,PMT-000586,BR-000586,INV-000723,CUST-0099,2026-03-04,2181666.66,0.0,0.0,0.0,applied,,2026-03-04
CA-000587,PMT-000587,BR-000587,INV-000724,CUST-0099,2026-02-24,2181666.66,0.0,0.0,-39.36,applied,,2026-02-24
CA-000588,PMT-000588,BR-000588,INV-000725,CUST-0099,2026-04-24,2181666.66,0.0,0.0,-39.35,applied,,2026-04-24
CA-000589,PMT-000589,BR-000589,INV-000726,CUST-0099,2026-05-13,2181666.66,0.0,0.0,-2.31,applied,,2026-05-13
CA-000590,PMT-000590,BR-000590,INV-000727,CUST-0099,2026-05-26,2181666.66,0.0,0.0,0.0,applied,,2026-05-26
CA-000591,PMT-000591,BR-000591,INV-000728,CUST-0099,2026-06-27,2181666.66,0.0,0.0,0.0,applied,,2026-06-27
CA-000592,PMT-000592,BR-000592,INV-000730,CUST-0100,2026-06-24,1976.38,0.0,0.0,0.0,applied,,2026-06-24
CA-000593,PMT-000593,BR-000593,INV-000731,CUST-0100,2026-06-30,1976.38,0.0,0.0,25.22,applied,,2026-06-30
CA-000594,PMT-000594,BR-000594,INV-000732,CUST-0100,2025-07-11,9354.34,93.54,0.0,0.0,applied,,2025-07-11
CA-000595,PMT-000595,BR-000595,INV-000734,CUST-0100,2026-01-31,5811.02,0.0,0.0,0.0,applied,,2026-01-31
CA-000596,PMT-000596,BR-000596,INV-000735,CUST-0100,2026-05-08,5811.02,0.0,0.0,0.0,applied,,2026-05-08
CA-000597,PMT-000597,BR-000597,INV-000738,CUST-0102,2025-08-03,274023.75,0.0,0.0,0.0,applied,,2025-08-03
CA-000598,PMT-000598,BR-000598,INV-000739,CUST-0102,2025-09-19,274023.75,0.0,0.0,-885.54,applied,,2025-09-19
CA-000599,PMT-000599,BR-000599,INV-000740,CUST-0102,2025-09-29,274023.75,0.0,0.0,63.96,applied,,2025-09-29
CA-000600,PMT-000600,BR-000600,INV-000741,CUST-0102,2025-10-15,274023.75,0.0,0.0,0.0,applied,,2025-10-15
CA-000601,PMT-000601,BR-000601,INV-000742,CUST-0102,2025-12-18,274023.75,0.0,0.0,-1073.88,applied,,2025-12-18
CA-000602,PMT-000602,BR-000602,INV-000743,CUST-0102,2025-12-23,274023.75,0.0,0.0,-119.52,applied,,2025-12-23
CA-000603,PMT-000603,BR-000603,INV-000744,CUST-0102,2026-02-15,274023.75,0.0,0.0,196.64,applied,,2026-02-15
CA-000604,PMT-000604,BR-000604,INV-000745,CUST-0102,2026-03-12,274023.75,0.0,0.0,0.0,applied,,2026-03-12
CA-000605,PMT-000605,BR-000605,INV-000746,CUST-0102,2026-03-28,274023.75,0.0,0.0,-150.53,applied,,2026-03-28
CA-000606,PMT-000606,BR-000606,INV-000747,CUST-0102,2026-05-15,274023.75,0.0,0.0,926.62,applied,,2026-05-15
CA-000607,PMT-000607,BR-000607,INV-000748,CUST-0102,2026-06-20,274023.75,0.0,0.0,0.0,applied,,2026-06-20
CA-000608,PMT-000608,BR-000608,INV-000749,CUST-0102,2026-06-30,274023.75,0.0,0.0,0.0,applied,,2026-06-30
CA-000609,PMT-000609,BR-000609,INV-000753,CUST-0103,2026-06-30,1791.55,0.0,0.0,0.0,applied,,2026-06-30
CA-000610,PMT-000610,BR-000610,INV-000754,CUST-0103,2025-08-12,9600.0,0.0,0.0,0.0,applied,,2025-08-12
CA-000611,PMT-000611,BR-000611,INV-000755,CUST-0103,2026-01-06,1958.33,0.0,0.0,0.0,applied,,2026-01-06
CA-000612,PMT-000612,BR-000612,INV-000756,CUST-0103,2026-01-31,1958.33,0.0,0.0,0.0,applied,,2026-01-31
CA-000613,PMT-000613,BR-000613,INV-000757,CUST-0103,2026-03-13,1958.33,19.58,0.0,0.0,applied,,2026-03-13
CA-000614,PMT-000614,BR-000614,INV-000758,CUST-0103,2026-04-13,1958.33,0.0,0.0,0.0,applied,,2026-04-13
CA-000615,PMT-000615,BR-000615,INV-000759,CUST-0103,2026-04-23,1958.33,0.0,0.0,0.0,applied,,2026-04-23
CA-000616,PMT-000616,BR-000616,INV-000763,CUST-0104,2025-10-22,31464.56,0.0,0.0,0.0,applied,,2025-10-22
CA-000617,PMT-000617,BR-000617,INV-000764,CUST-0104,2025-11-26,31464.56,0.0,0.0,0.0,applied,,2025-11-26
CA-000618,PMT-000618,BR-000618,INV-000765,CUST-0105,2026-06-30,2600.0,0.0,0.0,0.0,applied,,2026-06-30
CA-000619,PMT-000619,BR-000619,INV-000767,CUST-0106,2025-05-28,46700.0,0.0,0.0,0.0,applied,,2025-05-28
CA-000620,PMT-000620,BR-000620,INV-000768,CUST-0106,2026-04-09,33200.0,0.0,0.0,0.0,applied,,2026-04-09
CA-000621,PMT-000621,BR-000621,INV-000769,CUST-0106,2026-04-12,33200.0,0.0,0.0,0.0,applied,,2026-04-12
CA-000622,PMT-000622,BR-000622,INV-000770,CUST-0107,2026-06-04,67800.0,0.0,0.0,0.0,applied,,2026-06-04
CA-000623,PMT-000623,BR-000623,INV-000771,CUST-0107,2026-05-11,80800.0,0.0,0.0,0.0,applied,,2026-05-11
CA-000624,PMT-000624,BR-000624,INV-000772,CUST-0109,2026-01-19,154685.25,0.0,0.0,0.0,applied,,2026-01-19
CA-000625,PMT-000625,BR-000625,INV-000774,CUST-0109,2026-03-19,135571.33,0.0,0.0,0.0,applied,,2026-03-19
CA-000626,PMT-000626,BR-000626,INV-000775,CUST-0109,2026-04-18,174806.56,0.0,0.0,0.0,applied,,2026-04-18
CA-000627,PMT-000627,BR-000627,INV-000776,CUST-0109,2026-05-29,200968.61,2009.69,0.0,0.0,applied,,2026-05-29
CA-000628,PMT-000628,BR-000628,INV-000777,CUST-0109,2026-06-30,179814.4,0.0,0.0,-127.62,applied,,2026-06-30
CA-000629,PMT-000629,BR-000629,INV-000780,CUST-0109,2025-11-13,194666.66,0.0,0.0,0.0,applied,,2025-11-13
CA-000630,PMT-000630,BR-000630,INV-000781,CUST-0109,2025-12-23,194666.66,0.0,0.0,0.0,applied,,2025-12-23
CA-000631,PMT-000631,BR-000631,INV-000782,CUST-0109,2025-12-26,194666.66,0.0,0.0,0.0,applied,,2025-12-26
CA-000632,PMT-000632,BR-000632,INV-000783,CUST-0109,2026-02-02,194666.66,0.0,0.0,0.0,applied,,2026-02-02
CA-000633,PMT-000633,BR-000633,INV-000784,CUST-0109,2026-03-16,194666.66,0.0,0.0,0.0,applied,,2026-03-16
CA-000634,PMT-000634,BR-000634,INV-000785,CUST-0109,2026-04-06,194666.66,0.0,0.0,0.0,applied,,2026-04-06
CA-000635,PMT-000635,BR-000635,INV-000786,CUST-0109,2026-06-03,194666.66,0.0,0.0,0.0,applied,,2026-06-03
CA-000636,PMT-000636,BR-000636,INV-000787,CUST-0109,2026-06-24,194666.66,0.0,0.0,0.0,applied,,2026-06-24
CA-000637,PMT-000637,BR-000637,INV-000790,CUST-0110,2025-12-20,9200.0,0.0,0.0,0.0,applied,,2025-12-20
CA-000638,PMT-000638,BR-000638,INV-000791,CUST-0110,2026-04-17,2608.33,0.0,0.0,0.0,applied,,2026-04-17
CA-000639,PMT-000639,BR-000639,INV-000793,CUST-0110,2026-06-11,2608.33,0.0,0.0,0.0,applied,,2026-06-11
CA-000640,PMT-000640,BR-000640,INV-000794,CUST-0110,2026-06-30,2608.33,0.0,0.0,0.0,applied,,2026-06-30
CA-000641,PMT-000641,BR-000641,INV-000796,CUST-0111,2026-06-30,106100.0,0.0,0.0,0.0,applied,,2026-06-30
CA-000642,PMT-000642,BR-000642,INV-000797,CUST-0111,2025-12-03,45500.0,0.0,0.0,0.0,applied,,2025-12-03
CA-000643,PMT-000643,BR-000643,INV-000798,CUST-0112,2025-12-05,153023.62,1530.24,0.0,0.0,applied,,2025-12-05
CA-000644,PMT-000644,BR-000644,INV-000799,CUST-0112,2026-03-10,153023.62,0.0,0.0,0.0,applied,,2026-03-10
CA-000645,PMT-000645,BR-000645,INV-000800,CUST-0112,2026-05-19,153023.62,0.0,0.0,0.0,applied,,2026-05-19
CA-000646,PMT-000646,BR-000646,INV-000802,CUST-0113,2026-05-01,2000.0,0.0,0.0,0.0,applied,,2026-05-01
CA-000647,PMT-000647,BR-000647,INV-000803,CUST-0113,2025-08-08,7281.22,0.0,0.0,0.0,applied,,2025-08-08
CA-000648,PMT-000648,BR-000648,INV-000804,CUST-0113,2026-06-30,8009.5,0.0,0.0,0.0,applied,,2026-06-30
CA-000649,PMT-000649,BR-000649,INV-000807,CUST-0114,2026-02-04,192858.42,1928.58,0.0,0.0,applied,,2026-02-04
CA-000650,PMT-000650,BR-000650,INV-000809,CUST-0115,2026-05-08,3444.44,0.0,0.0,0.0,applied,,2026-05-08
CA-000651,PMT-000651,BR-000651,INV-000810,CUST-0115,2026-06-04,3444.44,0.0,0.0,0.0,applied,,2026-06-04
CA-000652,PMT-000652,BR-000652,INV-000811,CUST-0115,2025-12-07,754.06,0.0,0.0,0.0,applied,,2025-12-07
CA-000653,PMT-000653,BR-000653,INV-000812,CUST-0115,2025-12-05,1244.77,0.0,0.0,0.0,applied,,2025-12-05
CA-000654,PMT-000654,BR-000654,INV-000813,CUST-0115,2026-02-06,1227.17,0.0,0.0,0.0,applied,,2026-02-06
CA-000655,PMT-000655,BR-000655,INV-000814,CUST-0115,2026-02-18,1366.27,0.0,0.0,0.0,applied,,2026-02-18
CA-000656,PMT-000656,BR-000656,INV-000815,CUST-0115,2026-02-27,1341.34,0.0,0.0,23.63,applied,,2026-02-27
CA-000657,PMT-000657,BR-000657,INV-000816,CUST-0115,2026-04-21,975.7,0.0,0.0,0.0,applied,,2026-04-21
CA-000658,PMT-000658,BR-000658,INV-000817,CUST-0115,2026-06-02,837.41,0.0,0.0,0.0,applied,,2026-06-02
CA-000659,PMT-000659,BR-000659,INV-000818,CUST-0115,2026-05-26,1328.6,0.0,0.0,0.0,applied,,2026-05-26
CA-000660,PMT-000660,BR-000660,INV-000819,CUST-0115,2026-06-30,824.7,0.0,0.0,-6.87,applied,,2026-06-30
CA-000661,PMT-000661,BR-000661,INV-000821,CUST-0116,2025-12-23,10000.0,0.0,0.0,0.0,applied,,2025-12-23
CA-000662,PMT-000662,BR-000662,INV-000823,CUST-0116,2026-06-03,40136.07,0.0,0.0,0.0,applied,,2026-06-03
CA-000663,PMT-000663,BR-000663,INV-000824,CUST-0116,2026-01-28,6400.0,0.0,0.0,0.0,applied,,2026-01-28
CA-000664,PMT-000664,BR-000664,INV-000825,CUST-0117,2026-06-13,250100.0,0.0,0.0,0.0,applied,,2026-06-13
CA-000665,PMT-000665,BR-000665,INV-000826,CUST-0117,2026-04-19,66851.97,0.0,0.0,0.0,applied,,2026-04-19
CA-000666,PMT-000666,BR-000666,INV-000827,CUST-0117,2026-05-19,76745.49,0.0,0.0,0.0,applied,,2026-05-19
CA-000667,PMT-000667,BR-000667,INV-000828,CUST-0117,2026-06-30,47647.55,0.0,0.0,0.0,applied,,2026-06-30
CA-000668,PMT-000668,BR-000668,INV-000829,CUST-0117,2026-06-30,73552.6,0.0,0.0,0.0,applied,,2026-06-30
CA-000669,PMT-000669,BR-000669,INV-000831,CUST-0118,2025-07-29,7700.0,0.0,0.0,0.0,applied,,2025-07-29
CA-000670,PMT-000670,BR-000670,INV-000832,CUST-0118,2025-07-29,6800.0,0.0,0.0,0.0,applied,,2025-07-29
CA-000671,PMT-000671,BR-000671,INV-000833,CUST-0119,2026-01-12,17111.11,0.0,0.0,0.0,applied,,2026-01-12
CA-000672,PMT-000672,BR-000672,INV-000834,CUST-0119,2025-09-01,6592.6,0.0,0.0,0.0,applied,,2025-09-01
CA-000673,PMT-000673,BR-000673,INV-000835,CUST-0119,2025-10-07,6592.6,0.0,0.0,-99.86,applied,,2025-10-07
CA-000674,PMT-000674,BR-000674,INV-000836,CUST-0119,2025-10-18,6592.6,65.93,0.0,78.33,applied,,2025-10-18
CA-000675,PMT-000675,BR-000675,INV-000837,CUST-0119,2026-03-31,19555.56,0.0,0.0,0.0,applied,,2026-03-31
CA-000676,PMT-000676,BR-000676,INV-000838,CUST-0120,2025-11-17,7449.98,0.0,0.0,0.0,applied,,2025-11-17
CA-000677,PMT-000677,BR-000677,INV-000839,CUST-0120,2025-12-04,5011.66,0.0,0.0,0.0,applied,,2025-12-04
CA-000678,PMT-000678,BR-000678,INV-000840,CUST-0120,2026-01-18,5549.56,55.5,0.0,0.0,applied,,2026-01-18
CA-000679,PMT-000679,BR-000679,INV-000841,CUST-0120,2026-02-03,5501.89,0.0,0.0,0.0,applied,,2026-02-03
CA-000680,PMT-000680,BR-000680,INV-000843,CUST-0120,2026-03-27,6483.42,0.0,0.0,0.0,applied,,2026-03-27
CA-000681,PMT-000681,BR-000681,INV-000844,CUST-0120,2026-05-21,6648.92,0.0,0.0,0.0,applied,,2026-05-21
CA-000682,PMT-000682,BR-000682,INV-000845,CUST-0120,2026-06-01,7591.69,0.0,0.0,0.0,applied,,2026-06-01
CA-000683,PMT-000683,BR-000683,INV-000846,CUST-0120,2026-06-30,6215.84,0.0,0.0,0.0,applied,,2026-06-30
CA-000684,PMT-000684,BR-000684,INV-000850,CUST-0121,2025-11-24,3800.0,0.0,0.0,0.0,applied,,2025-11-24
CA-000685,PMT-000685,BR-000685,INV-000851,CUST-0121,2026-06-06,3158.33,0.0,0.0,0.0,applied,,2026-06-06
CA-000686,PMT-000686,BR-000686,INV-000852,CUST-0121,2026-06-30,3158.33,0.0,0.0,0.0,applied,,2026-06-30
CA-000687,PMT-000687,BR-000687,INV-000853,CUST-0121,2026-06-30,3158.33,0.0,0.0,0.0,applied,,2026-06-30
CA-000688,PMT-000688,BR-000688,INV-000855,CUST-0122,2026-05-18,268368.75,0.0,0.0,0.0,applied,,2026-05-18
CA-000689,PMT-000689,BR-000689,INV-000856,CUST-0122,2026-06-30,268368.75,0.0,0.0,0.0,applied,,2026-06-30
CA-000690,PMT-000690,BR-000690,INV-000857,CUST-0122,2026-06-30,268368.75,0.0,0.0,-804.61,applied,,2026-06-30
CA-000691,PMT-000691,BR-000691,INV-000858,CUST-0122,2026-05-31,3094650.0,0.0,0.0,12194.6,applied,,2026-05-31
CA-000692,PMT-000692,BR-000692,INV-000859,CUST-0123,2025-12-27,67208.33,0.0,0.0,0.0,applied,,2025-12-27
CA-000693,PMT-000693,BR-000693,INV-000860,CUST-0123,2026-02-07,67208.33,0.0,0.0,0.0,applied,,2026-02-07
CA-000694,PMT-000694,BR-000694,INV-000861,CUST-0123,2026-02-20,67208.33,0.0,0.0,0.0,applied,,2026-02-20
CA-000695,PMT-000695,BR-000695,INV-000862,CUST-0123,2026-03-25,67208.33,0.0,0.0,0.0,applied,,2026-03-25
CA-000696,PMT-000696,BR-000696,INV-000863,CUST-0123,2026-04-04,67208.33,0.0,0.0,0.0,applied,,2026-04-04
CA-000697,PMT-000697,BR-000697,INV-000864,CUST-0123,2026-06-02,67208.33,0.0,0.0,0.0,applied,,2026-06-02
CA-000698,PMT-000698,BR-000698,INV-000866,CUST-0123,2026-06-30,67208.33,0.0,0.0,0.0,applied,,2026-06-30
CA-000699,PMT-000699,BR-000699,INV-000868,CUST-0123,2026-02-03,168168.3,0.0,0.0,0.0,applied,,2026-02-03
CA-000700,PMT-000700,BR-000700,INV-000869,CUST-0123,2026-04-07,162775.71,0.0,0.0,0.0,applied,,2026-04-07
CA-000701,PMT-000701,BR-000701,INV-000870,CUST-0123,2026-06-25,141010.04,0.0,0.0,0.0,applied,,2026-06-25
CA-000702,PMT-000702,BR-000702,INV-000871,CUST-0124,2025-05-24,1923444.44,0.0,0.0,0.0,applied,,2025-05-24
CA-000703,PMT-000703,BR-000703,INV-000872,CUST-0125,2026-06-30,1716.54,0.0,0.0,0.0,applied,,2026-06-30
CA-000704,PMT-000704,BR-000704,INV-000875,CUST-0125,2026-04-26,2527.56,0.0,0.0,0.0,applied,,2026-04-26
CA-000705,PMT-000705,BR-000705,INV-000876,CUST-0125,2026-06-01,2527.56,0.0,0.0,0.0,applied,,2026-06-01
CA-000706,PMT-000706,BR-000706,INV-000877,CUST-0125,2026-05-29,2527.56,0.0,0.0,17.58,applied,,2026-05-29
CA-000707,PMT-000707,BR-000707,INV-000881,CUST-0125,2025-05-28,7039.37,0.0,0.0,0.0,applied,,2025-05-28
CA-000708,PMT-000708,BR-000708,INV-000882,CUST-0125,2025-07-01,7039.37,0.0,0.0,0.0,applied,,2025-07-01
CA-000709,PMT-000709,BR-000709,INV-000883,CUST-0125,2025-12-26,448.82,0.0,0.0,3.18,applied,,2025-12-26
CA-000710,PMT-000710,BR-000710,INV-000884,CUST-0125,2026-03-03,448.82,0.0,0.0,0.0,applied,,2026-03-03
CA-000711,PMT-000711,BR-000711,INV-000885,CUST-0125,2026-03-29,448.82,0.0,0.0,-10.69,applied,,2026-03-29
CA-000712,PMT-000712,BR-000712,INV-000886,CUST-0125,2026-03-29,448.82,0.0,0.0,0.0,applied,,2026-03-29
CA-000713,PMT-000713,BR-000713,INV-000887,CUST-0125,2026-06-06,448.82,0.0,0.0,0.0,applied,,2026-06-06
CA-000714,PMT-000714,BR-000714,INV-000888,CUST-0125,2026-06-30,448.82,0.0,0.0,-9.69,applied,,2026-06-30
CA-000715,PMT-000715,BR-000715,INV-000889,CUST-0125,2026-06-25,448.82,0.0,0.0,-1.25,applied,,2026-06-25
